timestamp_ms,direction,msg_id,dlc,b0,b1,b2,b3,b4,b5,b6,b7
200,TX,0x100,8,FA,00,E7,03,99,0F,BA,00
200,TX,0x101,6,C6,00,C8,00,00,00,CC,CC
200,TX,0x200,4,00,00,00,00,CC,CC,CC,CC
400,TX,0x100,8,F9,00,E7,03,A5,0F,D7,00
400,TX,0x101,6,C9,00,CC,00,00,00,CC,CC
400,TX,0x200,4,00,00,00,00,CC,CC,CC,CC
600,TX,0x100,8,F9,00,E7,03,A1,0F,DB,00
600,TX,0x101,6,C8,00,C9,00,00,00,CC,CC
600,TX,0x200,4,00,00,00,00,CC,CC,CC,CC
800,TX,0x100,8,F9,00,E7,03,97,0F,D2,00
800,TX,0x101,6,C3,00,CC,00,00,00,CC,CC
800,TX,0x200,4,00,00,00,00,CC,CC,CC,CC
1000,TX,0x100,8,F9,00,E7,03,A1,0F,D5,00
1000,TX,0x101,6,C9,00,C9,00,00,00,CC,CC
1000,TX,0x200,4,00,00,00,00,CC,CC,CC,CC
1200,TX,0x100,8,F9,00,E7,03,A5,0F,D4,00
1200,TX,0x101,6,C7,00,CA,00,00,00,CC,CC
1200,TX,0x200,4,00,00,00,00,CC,CC,CC,CC
1400,TX,0x100,8,F9,00,E7,03,A6,0F,BA,00
1400,TX,0x101,6,C7,00,C8,00,00,00,CC,CC
1400,TX,0x200,4,00,00,00,00,CC,CC,CC,CC
1600,TX,0x100,8,F8,00,E7,03,A3,0F,D4,00
1600,TX,0x101,6,C6,00,C9,00,00,00,CC,CC
1600,TX,0x200,4,00,00,00,00,CC,CC,CC,CC
1800,TX,0x100,8,F8,00,E7,03,95,0F,C8,00
1800,TX,0x101,6,C9,00,CA,00,00,00,CC,CC
1800,TX,0x200,4,00,00,00,00,CC,CC,CC,CC
2000,TX,0x100,8,F9,00,E7,03,A0,0F,D6,00
2000,TX,0x101,6,C7,00,CA,00,00,00,CC,CC
2000,TX,0x200,4,00,00,00,00,CC,CC,CC,CC
2200,TX,0x100,8,F9,00,E6,03,9F,0F,BC,00
2200,TX,0x101,6,C6,00,C8,00,00,00,CC,CC
2200,TX,0x200,4,00,00,00,00,CC,CC,CC,CC
2400,TX,0x100,8,F8,00,E6,03,A0,0F,CE,00
2400,TX,0x101,6,C9,00,D2,00,00,00,CC,CC
2400,TX,0x200,4,00,00,00,00,CC,CC,CC,CC
2600,TX,0x100,8,F8,00,E6,03,A0,0F,BC,00
2600,TX,0x101,6,C7,00,C9,00,00,00,CC,CC
2600,TX,0x200,4,00,00,00,00,CC,CC,CC,CC
2800,TX,0x100,8,F9,00,E6,03,96,0F,D0,00
2800,TX,0x101,6,C7,00,D3,00,00,00,CC,CC
2800,TX,0x200,4,00,00,00,00,CC,CC,CC,CC
3000,TX,0x100,8,E8,00,E6,03,9B,0F,C5,00
3000,TX,0x101,6,C6,00,CE,00,00,00,CC,CC
3000,TX,0x200,4,00,00,00,00,CC,CC,CC,CC
3200,TX,0x100,8,D8,00,E6,03,9E,0F,CC,00
3200,TX,0x101,6,C7,00,CF,00,00,00,CC,CC
3200,TX,0x200,4,00,00,00,00,CC,CC,CC,CC
3400,TX,0x100,8,C9,00,E6,03,9A,0F,CC,00
3400,TX,0x101,6,C8,00,CD,00,00,00,CC,CC
3400,TX,0x200,4,00,00,00,00,CC,CC,CC,CC
3600,TX,0x100,8,BB,00,E6,03,9A,0F,BD,00
3600,TX,0x101,6,CB,00,D0,00,00,00,CC,CC
3600,TX,0x200,4,00,00,00,00,CC,CC,CC,CC
3800,TX,0x100,8,AD,00,E6,03,9D,0F,D4,00
3800,TX,0x101,6,C7,00,D0,00,00,00,CC,CC
3800,TX,0x200,4,00,00,00,00,CC,CC,CC,CC
4000,TX,0x100,8,A1,00,E6,03,9C,0F,C6,00
4000,TX,0x101,6,C9,00,CB,00,00,00,CC,CC
4000,TX,0x200,4,00,00,00,00,CC,CC,CC,CC
4200,TX,0x100,8,95,00,E5,03,9E,0F,BC,00
4200,TX,0x101,6,CA,00,CA,00,00,00,CC,CC
4200,TX,0x200,4,00,00,00,00,CC,CC,CC,CC
4400,TX,0x100,8,89,00,E5,03,98,0F,C0,00
4400,TX,0x101,6,C6,00,CF,00,00,00,CC,CC
4400,TX,0x200,4,00,00,00,00,CC,CC,CC,CC
4600,TX,0x100,8,7E,00,E5,03,9A,0F,C1,00
4600,TX,0x101,6,C5,00,D0,00,00,00,CC,CC
4600,TX,0x200,4,00,00,00,00,CC,CC,CC,CC
4800,TX,0x100,8,74,00,E5,03,A0,0F,CC,00
4800,TX,0x101,6,C7,00,CB,00,00,00,CC,CC
4800,TX,0x200,4,00,00,00,00,CC,CC,CC,CC
5000,TX,0x100,8,69,00,E5,03,A0,0F,C5,00
5000,TX,0x101,6,C2,00,D1,00,00,00,CC,CC
5000,TX,0x200,4,00,00,00,00,CC,CC,CC,CC
5200,TX,0x100,8,60,00,E5,03,94,0F,D1,00
5200,TX,0x101,6,C8,00,D2,00,00,00,CC,CC
5200,TX,0x200,4,00,00,02,02,CC,CC,CC,CC
5400,TX,0x100,8,57,00,E4,03,A5,0F,CB,00
5400,TX,0x101,6,CA,00,D6,00,00,00,CC,CC
5400,TX,0x200,4,00,00,02,02,CC,CC,CC,CC
5600,TX,0x100,8,4F,00,E4,03,97,0F,CB,00
5600,TX,0x101,6,CA,00,D6,00,00,00,CC,CC
5600,TX,0x200,4,00,00,02,02,CC,CC,CC,CC
5800,TX,0x100,8,47,00,E3,03,95,0F,C7,00
5800,TX,0x101,6,C9,00,CF,00,00,00,CC,CC
5800,TX,0x200,4,00,00,02,02,CC,CC,CC,CC
6000,TX,0x100,8,3F,00,E3,03,97,0F,C4,00
6000,TX,0x101,6,C4,00,D9,00,00,00,CC,CC
6000,TX,0x200,4,00,00,02,02,CC,CC,CC,CC
6200,TX,0x100,8,38,00,E2,03,97,0F,C9,00
6200,TX,0x101,6,C8,00,CE,00,00,00,CC,CC
6200,TX,0x200,4,00,00,02,02,CC,CC,CC,CC
6400,TX,0x100,8,30,00,E2,03,9D,0F,CB,00
6400,TX,0x101,6,C5,00,D0,00,00,00,CC,CC
6400,TX,0x200,4,00,00,02,02,CC,CC,CC,CC
6600,TX,0x100,8,2A,00,E1,03,96,0F,C8,00
6600,TX,0x101,6,C7,00,D0,00,00,00,CC,CC
6600,TX,0x200,4,00,00,02,02,CC,CC,CC,CC
6800,TX,0x100,8,24,00,E1,03,9D,0F,C0,00
6800,TX,0x101,6,CB,00,D2,00,00,00,CC,CC
6800,TX,0x200,4,00,00,02,02,CC,CC,CC,CC
7000,TX,0x100,8,1E,00,E0,03,93,0F,C0,00
7000,TX,0x101,6,C7,00,D4,00,00,00,CC,CC
7000,TX,0x200,4,00,00,02,02,CC,CC,CC,CC
7200,TX,0x100,8,19,00,E0,03,97,0F,C2,00
7200,TX,0x101,6,C8,00,D7,00,00,00,CC,CC
7200,TX,0x200,4,00,00,02,02,CC,CC,CC,CC
7400,TX,0x100,8,13,00,DF,03,8E,0F,B8,00
7400,TX,0x101,6,C3,00,D5,00,00,00,CC,CC
7400,TX,0x200,4,00,00,02,02,CC,CC,CC,CC
7600,TX,0x100,8,0D,00,DE,03,96,0F,C6,00
7600,TX,0x101,6,C9,00,D3,00,00,00,CC,CC
7600,TX,0x200,4,00,00,02,02,CC,CC,CC,CC
7800,TX,0x100,8,09,00,DE,03,9C,0F,CA,00
7800,TX,0x101,6,CA,00,D4,00,00,00,CC,CC
7800,TX,0x200,4,00,00,02,02,CC,CC,CC,CC
8000,TX,0x100,8,0A,00,DD,03,95,0F,E3,00
8000,TX,0x101,6,C8,00,D7,00,00,00,CC,CC
8000,TX,0x200,4,00,00,02,02,CC,CC,CC,CC
8200,TX,0x100,8,0A,00,DD,03,9A,0F,17,01
8200,TX,0x101,6,C7,00,D4,00,00,00,CC,CC
8200,TX,0x200,4,00,00,02,02,CC,CC,CC,CC
8400,TX,0x100,8,0A,00,DC,03,9D,0F,37,01
8400,TX,0x101,6,C8,00,D6,00,00,00,CC,CC
8400,TX,0x200,4,00,00,02,02,CC,CC,CC,CC
8600,TX,0x100,8,0A,00,DB,03,9D,0F,42,01
8600,TX,0x101,6,C4,00,D1,00,00,00,CC,CC
8600,TX,0x200,4,00,00,02,02,CC,CC,CC,CC
8800,TX,0x100,8,0B,00,DB,03,99,0F,72,01
8800,TX,0x101,6,C6,00,D4,00,00,00,CC,CC
8800,TX,0x200,4,00,00,02,02,CC,CC,CC,CC
9000,TX,0x100,8,0B,00,DA,03,92,0F,87,01
9000,TX,0x101,6,C7,00,D7,00,00,00,CC,CC
9000,TX,0x200,4,00,00,02,02,CC,CC,CC,CC
9200,TX,0x100,8,0C,00,D9,03,93,0F,82,01
9200,TX,0x101,6,C7,00,D6,00,00,00,CC,CC
9200,TX,0x200,4,00,00,02,02,CC,CC,CC,CC
9400,TX,0x100,8,0C,00,D9,03,8E,0F,A2,01
9400,TX,0x101,6,C9,00,D5,00,00,00,CC,CC
9400,TX,0x200,4,00,00,02,02,CC,CC,CC,CC
9600,TX,0x100,8,0C,00,D8,03,98,0F,BB,01
9600,TX,0x101,6,CA,00,D0,00,00,00,CC,CC
9600,TX,0x200,4,00,00,02,02,CC,CC,CC,CC
9800,TX,0x100,8,0D,00,D7,03,97,0F,DA,01
9800,TX,0x101,6,C9,00,D6,00,00,00,CC,CC
9800,TX,0x200,4,00,00,02,02,CC,CC,CC,CC
10000,TX,0x100,8,0E,00,D6,03,98,0F,CA,01
10000,TX,0x101,6,C7,00,D2,00,00,00,CC,CC
10000,TX,0x200,4,00,00,02,02,CC,CC,CC,CC
10200,TX,0x100,8,0E,00,D6,03,97,0F,DD,01
10200,TX,0x101,6,C5,00,D9,00,00,00,CC,CC
10200,TX,0x200,4,00,00,02,02,CC,CC,CC,CC
10400,TX,0x100,8,0F,00,D5,03,90,0F,F1,01
10400,TX,0x101,6,C9,00,D7,00,00,00,CC,CC
10400,TX,0x200,4,00,00,02,02,CC,CC,CC,CC
10600,TX,0x100,8,0F,00,D4,03,97,0F,EA,01
10600,TX,0x101,6,C4,00,DC,00,00,00,CC,CC
10600,TX,0x200,4,00,00,02,02,CC,CC,CC,CC
10800,TX,0x100,8,0F,00,D3,03,93,0F,08,02
10800,TX,0x101,6,CA,00,D8,00,00,00,CC,CC
10800,TX,0x200,4,00,00,02,02,CC,CC,CC,CC
11000,TX,0x100,8,10,00,D2,03,88,0F,0A,02
11000,TX,0x101,6,C4,00,DE,00,00,00,CC,CC
11000,TX,0x200,4,00,00,02,02,CC,CC,CC,CC
11200,TX,0x100,8,10,00,D2,03,90,0F,27,02
11200,TX,0x101,6,C6,00,D4,00,00,00,CC,CC
11200,TX,0x200,4,00,00,02,02,CC,CC,CC,CC
11400,TX,0x100,8,10,00,D1,03,91,0F,1E,02
11400,TX,0x101,6,C6,00,D5,00,00,00,CC,CC
11400,TX,0x200,4,00,00,02,02,CC,CC,CC,CC
11600,TX,0x100,8,12,00,D0,03,97,0F,2B,02
11600,TX,0x101,6,CA,00,D4,00,00,00,CC,CC
11600,TX,0x200,4,00,00,02,02,CC,CC,CC,CC
11800,TX,0x100,8,11,00,CF,03,96,0F,2A,02
11800,TX,0x101,6,C8,00,D3,00,00,00,CC,CC
11800,TX,0x200,4,00,00,02,02,CC,CC,CC,CC
12000,TX,0x100,8,12,00,CE,03,94,0F,35,02
12000,TX,0x101,6,C7,00,D7,00,00,00,CC,CC
12000,TX,0x200,4,00,00,02,02,CC,CC,CC,CC
12200,TX,0x100,8,12,00,CE,03,93,0F,53,02
12200,TX,0x101,6,C6,00,DD,00,00,00,CC,CC
12200,TX,0x200,4,00,00,02,02,CC,CC,CC,CC
12400,TX,0x100,8,13,00,CD,03,8D,0F,53,02
12400,TX,0x101,6,C9,00,DD,00,00,00,CC,CC
12400,TX,0x200,4,00,00,02,02,CC,CC,CC,CC
12600,TX,0x100,8,13,00,CC,03,92,0F,52,02
12600,TX,0x101,6,C9,00,DE,00,00,00,CC,CC
12600,TX,0x200,4,00,00,02,02,CC,CC,CC,CC
12800,TX,0x100,8,14,00,CB,03,8F,0F,59,02
12800,TX,0x101,6,C9,00,D7,00,00,00,CC,CC
12800,TX,0x200,4,00,00,02,02,CC,CC,CC,CC
13000,TX,0x100,8,14,00,CA,03,89,0F,5C,02
13000,TX,0x101,6,C8,00,DD,00,00,00,CC,CC
13000,TX,0x200,4,00,00,02,02,CC,CC,CC,CC
13200,TX,0x100,8,15,00,C9,03,8E,0F,58,02
13200,TX,0x101,6,C6,00,DE,00,00,00,CC,CC
13200,TX,0x200,4,00,00,02,02,CC,CC,CC,CC
13400,TX,0x100,8,14,00,C8,03,8D,0F,4F,02
13400,TX,0x101,6,C4,00,DE,00,00,00,CC,CC
13400,TX,0x200,4,00,00,02,02,CC,CC,CC,CC
13600,TX,0x100,8,15,00,C8,03,91,0F,70,02
13600,TX,0x101,6,C7,00,DB,00,00,00,CC,CC
13600,TX,0x200,4,00,00,02,02,CC,CC,CC,CC
13800,TX,0x100,8,16,00,C7,03,8E,0F,5C,02
13800,TX,0x101,6,C8,00,DC,00,00,00,CC,CC
13800,TX,0x200,4,00,00,02,02,CC,CC,CC,CC
14000,TX,0x100,8,1E,00,C6,03,8B,0F,8C,02
14000,TX,0x101,6,C9,00,E3,00,00,00,CC,CC
14000,TX,0x200,4,00,00,02,02,CC,CC,CC,CC
14200,TX,0x100,8,26,00,C5,03,97,0F,B3,02
14200,TX,0x101,6,C5,00,DE,00,00,00,CC,CC
14200,TX,0x200,4,00,00,02,02,CC,CC,CC,CC
14400,TX,0x100,8,2D,00,C4,03,90,0F,B8,02
14400,TX,0x101,6,C6,00,DF,00,00,00,CC,CC
14400,TX,0x200,4,00,00,02,02,CC,CC,CC,CC
14600,TX,0x100,8,34,00,C3,03,8D,0F,D6,02
14600,TX,0x101,6,C8,00,D9,00,00,00,CC,CC
14600,TX,0x200,4,00,00,02,02,CC,CC,CC,CC
14800,TX,0x100,8,3B,00,C2,03,83,0F,EE,02
14800,TX,0x101,6,C7,00,E1,00,00,00,CC,CC
14800,TX,0x200,4,00,00,02,02,CC,CC,CC,CC
15000,TX,0x100,8,42,00,C1,03,93,0F,F7,02
15000,TX,0x101,6,C5,00,E4,00,00,00,CC,CC
15000,TX,0x200,4,00,00,02,02,CC,CC,CC,CC
15200,TX,0x100,8,49,00,C0,03,81,0F,17,03
15200,TX,0x101,6,CB,00,E7,00,00,00,CC,CC
15200,TX,0x200,4,00,00,02,02,CC,CC,CC,CC
15400,TX,0x100,8,4E,00,C0,03,8C,0F,1A,03
15400,TX,0x101,6,C9,00,E5,00,00,00,CC,CC
15400,TX,0x200,4,00,00,02,02,CC,CC,CC,CC
15600,TX,0x100,8,54,00,BF,03,84,0F,2F,03
15600,TX,0x101,6,C5,00,EB,00,00,00,CC,CC
15600,TX,0x200,4,00,00,02,02,CC,CC,CC,CC
15800,TX,0x100,8,5A,00,BE,03,86,0F,4C,03
15800,TX,0x101,6,C7,00,E9,00,00,00,CC,CC
15800,TX,0x200,4,00,00,02,02,CC,CC,CC,CC
16000,TX,0x100,8,5E,00,BD,03,83,0F,6A,03
16000,TX,0x101,6,C4,00,EE,00,00,00,CC,CC
16000,TX,0x200,4,00,00,02,02,CC,CC,CC,CC
16200,TX,0x100,8,64,00,BC,03,8F,0F,69,03
16200,TX,0x101,6,C5,00,E6,00,00,00,CC,CC
16200,TX,0x200,4,00,00,02,02,CC,CC,CC,CC
16400,TX,0x100,8,68,00,BB,03,86,0F,5D,03
16400,TX,0x101,6,C8,00,E7,00,00,00,CC,CC
16400,TX,0x200,4,00,00,02,02,CC,CC,CC,CC
16600,TX,0x100,8,6D,00,BA,03,8F,0F,7C,03
16600,TX,0x101,6,C6,00,F2,00,00,00,CC,CC
16600,TX,0x200,4,00,00,02,02,CC,CC,CC,CC
16800,TX,0x100,8,72,00,BA,03,85,0F,83,03
16800,TX,0x101,6,CA,00,E5,00,00,00,CC,CC
16800,TX,0x200,4,00,00,02,02,CC,CC,CC,CC
17000,TX,0x100,8,76,00,B9,03,88,0F,94,03
17000,TX,0x101,6,CA,00,E8,00,00,00,CC,CC
17000,TX,0x200,4,00,00,02,02,CC,CC,CC,CC
17200,TX,0x100,8,7A,00,B8,03,83,0F,90,03
17200,TX,0x101,6,C9,00,EC,00,00,00,CC,CC
17200,TX,0x200,4,00,00,02,02,CC,CC,CC,CC
17400,TX,0x100,8,7E,00,B8,03,87,0F,9A,03
17400,TX,0x101,6,C7,00,EF,00,00,00,CC,CC
17400,TX,0x200,4,00,00,02,02,CC,CC,CC,CC
17600,TX,0x100,8,81,00,B7,03,7B,0F,A8,03
17600,TX,0x101,6,CB,00,EE,00,00,00,CC,CC
17600,TX,0x200,4,00,00,02,02,CC,CC,CC,CC
17800,TX,0x100,8,85,00,B6,03,81,0F,A6,03
17800,TX,0x101,6,C4,00,F2,00,00,00,CC,CC
17800,TX,0x200,4,00,00,02,02,CC,CC,CC,CC
18000,TX,0x100,8,88,00,B6,03,88,0F,B2,03
18000,TX,0x101,6,C5,00,EF,00,00,00,CC,CC
18000,TX,0x200,4,00,00,02,02,CC,CC,CC,CC
18200,TX,0x100,8,8B,00,B5,03,80,0F,B3,03
18200,TX,0x101,6,CA,00,F8,00,00,00,CC,CC
18200,TX,0x200,4,00,00,02,02,CC,CC,CC,CC
18400,TX,0x100,8,8F,00,B5,03,7C,0F,BB,03
18400,TX,0x101,6,C4,00,F8,00,00,00,CC,CC
18400,TX,0x200,4,00,00,02,02,CC,CC,CC,CC
18600,TX,0x100,8,91,00,B4,03,85,0F,BB,03
18600,TX,0x101,6,C6,00,F2,00,00,00,CC,CC
18600,TX,0x200,4,00,00,02,02,CC,CC,CC,CC
18800,TX,0x100,8,94,00,B3,03,79,0F,BB,03
18800,TX,0x101,6,C8,00,F7,00,00,00,CC,CC
18800,TX,0x200,4,00,00,02,02,CC,CC,CC,CC
19000,TX,0x100,8,97,00,B3,03,79,0F,C7,03
19000,TX,0x101,6,C6,00,F5,00,00,00,CC,CC
19000,TX,0x200,4,00,00,00,00,CC,CC,CC,CC
19200,TX,0x100,8,9F,00,B2,03,81,0F,E8,03
19200,TX,0x101,6,C8,00,FE,00,00,00,CC,CC
19200,TX,0x200,4,00,00,00,00,CC,CC,CC,CC
19400,TX,0x100,8,A7,00,B1,03,76,0F,09,04
19400,TX,0x101,6,C8,00,00,01,00,00,CC,CC
19400,TX,0x200,4,00,00,00,00,CC,CC,CC,CC
19600,TX,0x100,8,B0,00,B0,03,7F,0F,1B,04
19600,TX,0x101,6,C7,00,FD,00,00,00,CC,CC
19600,TX,0x200,4,00,00,00,00,CC,CC,CC,CC
19800,TX,0x100,8,B6,00,B0,03,82,0F,35,04
19800,TX,0x101,6,C8,00,03,01,00,00,CC,CC
19800,TX,0x200,4,00,00,00,00,CC,CC,CC,CC
20000,TX,0x100,8,BE,00,AF,03,79,0F,5C,04
20000,TX,0x101,6,C3,00,06,01,00,00,CC,CC
20000,TX,0x200,4,00,00,00,00,CC,CC,CC,CC
20200,TX,0x100,8,C5,00,AE,03,7A,0F,60,04
20200,TX,0x101,6,C9,00,03,01,00,00,CC,CC
20200,TX,0x200,4,00,00,00,00,CC,CC,CC,CC
20400,TX,0x100,8,CB,00,AD,03,74,0F,5C,04
20400,TX,0x101,6,CB,00,00,01,00,00,CC,CC
20400,TX,0x200,4,00,00,00,00,CC,CC,CC,CC
20600,TX,0x100,8,D2,00,AD,03,72,0F,85,04
20600,TX,0x101,6,C7,00,04,01,00,00,CC,CC
20600,TX,0x200,4,00,00,00,00,CC,CC,CC,CC
20800,TX,0x100,8,D7,00,AC,03,7F,0F,9F,04
20800,TX,0x101,6,C5,00,04,01,00,00,CC,CC
20800,TX,0x200,4,00,00,00,00,CC,CC,CC,CC
21000,TX,0x100,8,DD,00,AB,03,77,0F,AC,04
21000,TX,0x101,6,C5,00,02,01,00,00,CC,CC
21000,TX,0x200,4,00,00,00,00,CC,CC,CC,CC
21200,TX,0x100,8,E2,00,AA,03,78,0F,BA,04
21200,TX,0x101,6,C6,00,0C,01,00,00,CC,CC
21200,TX,0x200,4,00,00,00,00,CC,CC,CC,CC
21400,TX,0x100,8,E8,00,A9,03,73,0F,C7,04
21400,TX,0x101,6,C3,00,09,01,00,00,CC,CC
21400,TX,0x200,4,00,00,00,00,CC,CC,CC,CC
21600,TX,0x100,8,EC,00,A8,03,70,0F,D6,04
21600,TX,0x101,6,C7,00,12,01,00,00,CC,CC
21600,TX,0x200,4,00,00,00,00,CC,CC,CC,CC
21800,TX,0x100,8,F1,00,A8,03,78,0F,E5,04
21800,TX,0x101,6,C4,00,13,01,00,00,CC,CC
21800,TX,0x200,4,00,00,00,00,CC,CC,CC,CC
22000,TX,0x100,8,F6,00,A7,03,6C,0F,E0,04
22000,TX,0x101,6,C9,00,14,01,00,00,CC,CC
22000,TX,0x200,4,00,00,00,00,CC,CC,CC,CC
22200,TX,0x100,8,FA,00,A6,03,6B,0F,F7,04
22200,TX,0x101,6,C6,00,0F,01,00,00,CC,CC
22200,TX,0x200,4,00,00,00,00,CC,CC,CC,CC
22400,TX,0x100,8,FE,00,A5,03,74,0F,FA,04
22400,TX,0x101,6,C4,00,16,01,00,00,CC,CC
22400,TX,0x200,4,00,00,00,00,CC,CC,CC,CC
22600,TX,0x100,8,02,01,A4,03,6C,0F,F3,04
22600,TX,0x101,6,C6,00,1C,01,00,00,CC,CC
22600,TX,0x200,4,00,00,00,00,CC,CC,CC,CC
22800,TX,0x100,8,06,01,A3,03,78,0F,F7,04
22800,TX,0x101,6,CA,00,16,01,00,00,CC,CC
22800,TX,0x200,4,00,00,00,00,CC,CC,CC,CC
23000,TX,0x100,8,0A,01,A2,03,65,0F,12,05
23000,TX,0x101,6,C6,00,21,01,00,00,CC,CC
23000,TX,0x200,4,00,00,00,00,CC,CC,CC,CC
23200,TX,0x100,8,0D,01,A1,03,70,0F,0F,05
23200,TX,0x101,6,CA,00,1E,01,00,00,CC,CC
23200,TX,0x200,4,00,00,00,00,CC,CC,CC,CC
23400,TX,0x100,8,10,01,A0,03,70,0F,28,05
23400,TX,0x101,6,CA,00,1E,01,00,00,CC,CC
23400,TX,0x200,4,00,00,00,00,CC,CC,CC,CC
23600,TX,0x100,8,14,01,A0,03,6C,0F,1D,05
23600,TX,0x101,6,C7,00,26,01,00,00,CC,CC
23600,TX,0x200,4,00,00,00,00,CC,CC,CC,CC
23800,TX,0x100,8,16,01,9F,03,6A,0F,22,05
23800,TX,0x101,6,C8,00,27,01,00,00,CC,CC
23800,TX,0x200,4,00,00,00,00,CC,CC,CC,CC
24000,TX,0x100,8,19,01,9E,03,73,0F,26,05
24000,TX,0x101,6,C5,00,25,01,00,00,CC,CC
24000,TX,0x200,4,00,00,00,00,CC,CC,CC,CC
24200,TX,0x100,8,24,01,9D,03,63,0F,4E,05
24200,TX,0x101,6,C6,00,26,01,00,00,CC,CC
24200,TX,0x200,4,00,00,00,00,CC,CC,CC,CC
24400,TX,0x100,8,2E,01,9C,03,69,0F,7D,05
24400,TX,0x101,6,C6,00,2C,01,00,00,CC,CC
24400,TX,0x200,4,00,00,00,00,CC,CC,CC,CC
24600,TX,0x100,8,38,01,9B,03,6C,0F,9A,05
24600,TX,0x101,6,C7,00,2B,01,00,00,CC,CC
24600,TX,0x200,4,00,00,00,00,CC,CC,CC,CC
24800,TX,0x100,8,41,01,9A,03,64,0F,AF,05
24800,TX,0x101,6,C8,00,31,01,00,00,CC,CC
24800,TX,0x200,4,00,00,00,00,CC,CC,CC,CC
25000,TX,0x100,8,4B,01,99,03,63,0F,CD,05
25000,TX,0x101,6,C8,00,33,01,00,00,CC,CC
25000,TX,0x200,4,00,00,00,00,CC,CC,CC,CC
25200,TX,0x100,8,54,01,98,03,5E,0F,E6,05
25200,TX,0x101,6,C9,00,3B,01,00,00,CC,CC
25200,TX,0x200,4,00,00,00,00,CC,CC,CC,CC
25400,TX,0x100,8,5C,01,97,03,66,0F,03,06
25400,TX,0x101,6,CB,00,3A,01,00,00,CC,CC
25400,TX,0x200,4,00,00,00,00,CC,CC,CC,CC
25600,TX,0x100,8,63,01,95,03,5C,0F,1A,06
25600,TX,0x101,6,C7,00,3A,01,00,00,CC,CC
25600,TX,0x200,4,00,00,00,00,CC,CC,CC,CC
25800,TX,0x100,8,6B,01,94,03,65,0F,2E,06
25800,TX,0x101,6,C6,00,3D,01,00,00,CC,CC
25800,TX,0x200,4,00,00,00,00,CC,CC,CC,CC
26000,TX,0x100,8,72,01,93,03,62,0F,40,06
26000,TX,0x101,6,C6,00,3B,01,00,00,CC,CC
26000,TX,0x200,4,00,00,00,00,CC,CC,CC,CC
26200,TX,0x100,8,79,01,92,03,65,0F,59,06
26200,TX,0x101,6,C9,00,3F,01,00,00,CC,CC
26200,TX,0x200,4,00,00,00,00,CC,CC,CC,CC
26400,TX,0x100,8,80,01,91,03,61,0F,68,06
26400,TX,0x101,6,C4,00,45,01,00,00,CC,CC
26400,TX,0x200,4,00,00,00,00,CC,CC,CC,CC
26600,TX,0x100,8,85,01,90,03,5C,0F,78,06
26600,TX,0x101,6,C8,00,46,01,00,00,CC,CC
26600,TX,0x200,4,00,00,00,00,CC,CC,CC,CC
26800,TX,0x100,8,8B,01,8F,03,58,0F,90,06
26800,TX,0x101,6,C7,00,48,01,00,00,CC,CC
26800,TX,0x200,4,00,00,00,00,CC,CC,CC,CC
27000,TX,0x100,8,92,01,8D,03,60,0F,89,06
27000,TX,0x101,6,C7,00,49,01,00,00,CC,CC
27000,TX,0x200,4,00,00,00,00,CC,CC,CC,CC
27200,TX,0x100,8,96,01,8C,03,64,0F,A7,06
27200,TX,0x101,6,C7,00,52,01,00,00,CC,CC
27200,TX,0x200,4,00,00,00,00,CC,CC,CC,CC
27400,TX,0x100,8,9C,01,8B,03,5D,0F,97,06
27400,TX,0x101,6,C7,00,51,01,00,00,CC,CC
27400,TX,0x200,4,00,00,00,00,CC,CC,CC,CC
27600,TX,0x100,8,A1,01,8A,03,54,0F,93,06
27600,TX,0x101,6,C9,00,56,01,00,00,CC,CC
27600,TX,0x200,4,00,00,00,00,CC,CC,CC,CC
27800,TX,0x100,8,A6,01,89,03,52,0F,B8,06
27800,TX,0x101,6,C6,00,59,01,00,00,CC,CC
27800,TX,0x200,4,00,00,00,00,CC,CC,CC,CC
28000,TX,0x100,8,AA,01,87,03,57,0F,B5,06
28000,TX,0x101,6,CB,00,60,01,00,00,CC,CC
28000,TX,0x200,4,00,00,00,00,CC,CC,CC,CC
28200,TX,0x100,8,AF,01,86,03,50,0F,C1,06
28200,TX,0x101,6,C6,00,5D,01,00,00,CC,CC
28200,TX,0x200,4,00,00,00,00,CC,CC,CC,CC
28400,TX,0x100,8,B3,01,85,03,52,0F,CD,06
28400,TX,0x101,6,C7,00,5F,01,00,00,CC,CC
28400,TX,0x200,4,00,00,00,00,CC,CC,CC,CC
28600,TX,0x100,8,B7,01,84,03,56,0F,D2,06
28600,TX,0x101,6,C8,00,62,01,00,00,CC,CC
28600,TX,0x200,4,00,00,00,00,CC,CC,CC,CC
28800,TX,0x100,8,BA,01,83,03,50,0F,C0,06
28800,TX,0x101,6,C8,00,6E,01,00,00,CC,CC
28800,TX,0x200,4,00,00,00,00,CC,CC,CC,CC
29000,TX,0x100,8,BE,01,81,03,53,0F,CD,06
29000,TX,0x101,6,C8,00,69,01,00,00,CC,CC
29000,TX,0x200,4,00,00,00,00,CC,CC,CC,CC
29200,TX,0x100,8,C2,01,80,03,50,0F,D1,06
29200,TX,0x101,6,CA,00,6B,01,00,00,CC,CC
29200,TX,0x200,4,50,01,01,01,CC,CC,CC,CC
29400,TX,0x100,8,CD,01,7F,03,4E,0F,EF,06
29400,TX,0x101,6,C9,00,6E,01,00,00,CC,CC
29400,TX,0x200,4,9A,01,01,01,CC,CC,CC,CC
29600,TX,0x100,8,D8,01,7D,03,4E,0F,D3,06
29600,TX,0x101,6,C5,00,72,01,00,00,CC,CC
29600,TX,0x200,4,E3,01,01,01,CC,CC,CC,CC
29800,TX,0x100,8,E2,01,7C,03,52,0F,E9,06
29800,TX,0x101,6,C8,00,75,01,00,00,CC,CC
29800,TX,0x200,4,28,02,01,01,CC,CC,CC,CC
30000,TX,0x100,8,ED,01,7B,03,4A,0F,EF,06
30000,TX,0x101,6,C8,00,7E,01,00,00,CC,CC
30000,TX,0x200,4,6E,02,01,01,CC,CC,CC,CC
30200,TX,0x100,8,F6,01,79,03,4F,0F,F8,06
30200,TX,0x101,6,C9,00,84,01,00,00,CC,CC
30200,TX,0x200,4,AB,02,01,01,CC,CC,CC,CC
30400,TX,0x100,8,FE,01,78,03,49,0F,05,07
30400,TX,0x101,6,C8,00,84,01,00,00,CC,CC
30400,TX,0x200,4,E3,02,01,01,CC,CC,CC,CC
30600,TX,0x100,8,07,02,77,03,4A,0F,F5,06
30600,TX,0x101,6,C8,00,81,01,00,00,CC,CC
30600,TX,0x200,4,1C,03,01,01,CC,CC,CC,CC
30800,TX,0x100,8,0F,02,75,03,41,0F,05,07
30800,TX,0x101,6,C7,00,8B,01,00,00,CC,CC
30800,TX,0x200,4,51,03,01,01,CC,CC,CC,CC
31000,TX,0x100,8,17,02,74,03,42,0F,E1,06
31000,TX,0x101,6,C9,00,8A,01,00,00,CC,CC
31000,TX,0x200,4,88,03,01,01,CC,CC,CC,CC
31200,TX,0x100,8,1E,02,72,03,48,0F,08,07
31200,TX,0x101,6,CB,00,95,01,00,00,CC,CC
31200,TX,0x200,4,B9,03,01,01,CC,CC,CC,CC
31400,TX,0x100,8,25,02,71,03,48,0F,04,07
31400,TX,0x101,6,C8,00,98,01,00,00,CC,CC
31400,TX,0x200,4,E5,03,01,01,CC,CC,CC,CC
31600,TX,0x100,8,2C,02,70,03,4E,0F,0E,07
31600,TX,0x101,6,C7,00,9A,01,00,00,CC,CC
31600,TX,0x200,4,E8,03,01,01,CC,CC,CC,CC
31800,TX,0x100,8,32,02,6E,03,48,0F,10,07
31800,TX,0x101,6,C9,00,9D,01,00,00,CC,CC
31800,TX,0x200,4,E8,03,01,01,CC,CC,CC,CC
32000,TX,0x100,8,38,02,6D,03,4C,0F,11,07
32000,TX,0x101,6,C8,00,A0,01,00,00,CC,CC
32000,TX,0x200,4,E8,03,01,01,CC,CC,CC,CC
32200,TX,0x100,8,3F,02,6B,03,3F,0F,0A,07
32200,TX,0x101,6,C9,00,A8,01,00,00,CC,CC
32200,TX,0x200,4,E8,03,01,01,CC,CC,CC,CC
32400,TX,0x100,8,44,02,6A,03,3E,0F,05,07
32400,TX,0x101,6,C8,00,AB,01,00,00,CC,CC
32400,TX,0x200,4,E8,03,01,01,CC,CC,CC,CC
32600,TX,0x100,8,49,02,68,03,3B,0F,0C,07
32600,TX,0x101,6,C9,00,AE,01,00,00,CC,CC
32600,TX,0x200,4,E8,03,01,01,CC,CC,CC,CC
32800,TX,0x100,8,4E,02,67,03,30,0F,14,07
32800,TX,0x101,6,C8,00,AD,01,00,00,CC,CC
32800,TX,0x200,4,E8,03,01,01,CC,CC,CC,CC
33000,TX,0x100,8,52,02,65,03,39,0F,0E,07
33000,TX,0x101,6,C9,00,B6,01,00,00,CC,CC
33000,TX,0x200,4,E8,03,01,01,CC,CC,CC,CC
33200,TX,0x100,8,57,02,64,03,40,0F,0D,07
33200,TX,0x101,6,C1,00,BD,01,00,00,CC,CC
33200,TX,0x200,4,E8,03,01,01,CC,CC,CC,CC
33400,TX,0x100,8,4F,02,62,03,3B,0F,64,06
33400,TX,0x101,6,C7,00,C1,01,00,00,CC,CC
33400,TX,0x200,4,E8,03,01,01,CC,CC,CC,CC
33600,TX,0x100,8,47,02,61,03,2D,0F,CC,05
33600,TX,0x101,6,C6,00,C1,01,00,00,CC,CC
33600,TX,0x200,4,E8,03,01,01,CC,CC,CC,CC
33800,TX,0x100,8,41,02,60,03,2C,0F,53,05
33800,TX,0x101,6,C9,00,C1,01,00,00,CC,CC
33800,TX,0x200,4,E8,03,01,01,CC,CC,CC,CC
34000,TX,0x100,8,39,02,5F,03,37,0F,DE,04
34000,TX,0x101,6,C7,00,C4,01,00,00,CC,CC
34000,TX,0x200,4,E8,03,01,01,CC,CC,CC,CC
34200,TX,0x100,8,33,02,5E,03,3C,0F,88,04
34200,TX,0x101,6,C7,00,CC,01,00,00,CC,CC
34200,TX,0x200,4,E8,03,01,01,CC,CC,CC,CC
34400,TX,0x100,8,2C,02,5D,03,35,0F,42,04
34400,TX,0x101,6,C4,00,CE,01,00,00,CC,CC
34400,TX,0x200,4,E8,03,01,01,CC,CC,CC,CC
34600,TX,0x100,8,27,02,5C,03,30,0F,01,04
34600,TX,0x101,6,C5,00,D4,01,00,00,CC,CC
34600,TX,0x200,4,E8,03,01,01,CC,CC,CC,CC
34800,TX,0x100,8,20,02,5B,03,3E,0F,CF,03
34800,TX,0x101,6,C4,00,D6,01,00,00,CC,CC
34800,TX,0x200,4,C2,03,01,01,CC,CC,CC,CC
35000,TX,0x100,8,1B,02,5A,03,35,0F,98,03
35000,TX,0x101,6,CD,00,DE,01,00,00,CC,CC
35000,TX,0x200,4,A4,03,01,01,CC,CC,CC,CC
35200,TX,0x100,8,15,02,5A,03,2F,0F,69,03
35200,TX,0x101,6,C6,00,DA,01,00,00,CC,CC
35200,TX,0x200,4,79,03,01,01,CC,CC,CC,CC
35400,TX,0x100,8,10,02,59,03,30,0F,4F,03
35400,TX,0x101,6,CB,00,DE,01,00,00,CC,CC
35400,TX,0x200,4,59,03,01,01,CC,CC,CC,CC
35600,TX,0x100,8,0B,02,58,03,38,0F,2F,03
35600,TX,0x101,6,C5,00,E3,01,00,00,CC,CC
35600,TX,0x200,4,3A,03,01,01,CC,CC,CC,CC
35800,TX,0x100,8,06,02,58,03,2F,0F,09,03
35800,TX,0x101,6,C6,00,E5,01,00,00,CC,CC
35800,TX,0x200,4,18,03,01,01,CC,CC,CC,CC
36000,TX,0x100,8,02,02,57,03,35,0F,03,03
36000,TX,0x101,6,C7,00,EB,01,00,00,CC,CC
36000,TX,0x200,4,FB,02,01,01,CC,CC,CC,CC
36200,TX,0x100,8,FD,01,56,03,34,0F,EE,02
36200,TX,0x101,6,C6,00,EC,01,00,00,CC,CC
36200,TX,0x200,4,DB,02,01,01,CC,CC,CC,CC
36400,TX,0x100,8,F9,01,56,03,32,0F,EF,02
36400,TX,0x101,6,C7,00,ED,01,00,00,CC,CC
36400,TX,0x200,4,C2,02,01,01,CC,CC,CC,CC
36600,TX,0x100,8,F5,01,55,03,31,0F,D0,02
36600,TX,0x101,6,C8,00,EE,01,00,00,CC,CC
36600,TX,0x200,4,A3,02,01,01,CC,CC,CC,CC
36800,TX,0x100,8,F2,01,55,03,38,0F,C4,02
36800,TX,0x101,6,C8,00,FB,01,00,00,CC,CC
36800,TX,0x200,4,8D,02,01,01,CC,CC,CC,CC
37000,TX,0x100,8,EE,01,54,03,2A,0F,C2,02
37000,TX,0x101,6,C7,00,FB,01,00,00,CC,CC
37000,TX,0x200,4,76,02,01,01,CC,CC,CC,CC
37200,TX,0x100,8,EA,01,54,03,31,0F,B5,02
37200,TX,0x101,6,C9,00,FB,01,00,00,CC,CC
37200,TX,0x200,4,5D,02,01,01,CC,CC,CC,CC
37400,TX,0x100,8,E7,01,53,03,2A,0F,B5,02
37400,TX,0x101,6,C9,00,FD,01,00,00,CC,CC
37400,TX,0x200,4,49,02,01,01,CC,CC,CC,CC
37600,TX,0x100,8,DF,01,52,03,2D,0F,D5,02
37600,TX,0x101,6,C9,00,FE,01,00,00,CC,CC
37600,TX,0x200,4,10,02,01,01,CC,CC,CC,CC
37800,TX,0x100,8,D8,01,52,03,2F,0F,EE,02
37800,TX,0x101,6,C7,00,FF,01,00,00,CC,CC
37800,TX,0x200,4,E1,01,01,01,CC,CC,CC,CC
38000,TX,0x100,8,D0,01,51,03,31,0F,FC,02
38000,TX,0x101,6,C6,00,06,02,00,00,CC,CC
38000,TX,0x200,4,AB,01,01,01,CC,CC,CC,CC
38200,TX,0x100,8,C9,01,51,03,2D,0F,31,03
38200,TX,0x101,6,C9,00,00,02,00,00,CC,CC
38200,TX,0x200,4,80,01,01,01,CC,CC,CC,CC
38400,TX,0x100,8,C2,01,50,03,2E,0F,43,03
38400,TX,0x101,6,C6,00,08,02,00,00,CC,CC
38400,TX,0x200,4,4F,01,01,01,CC,CC,CC,CC
38600,TX,0x100,8,BC,01,50,03,2D,0F,50,03
38600,TX,0x101,6,C6,00,0E,02,00,00,CC,CC
38600,TX,0x200,4,2B,01,01,01,CC,CC,CC,CC
38800,TX,0x100,8,B6,01,4F,03,27,0F,6A,03
38800,TX,0x101,6,CA,00,0E,02,00,00,CC,CC
38800,TX,0x200,4,00,01,01,01,CC,CC,CC,CC
39000,TX,0x100,8,B0,01,4F,03,31,0F,81,03
39000,TX,0x101,6,CA,00,0F,02,00,00,CC,CC
39000,TX,0x200,4,DB,00,01,01,CC,CC,CC,CC
39200,TX,0x100,8,AB,01,4E,03,27,0F,93,03
39200,TX,0x101,6,C8,00,10,02,00,00,CC,CC
39200,TX,0x200,4,B8,00,01,01,CC,CC,CC,CC
39400,TX,0x100,8,A6,01,4D,03,26,0F,A6,03
39400,TX,0x101,6,C5,00,10,02,00,00,CC,CC
39400,TX,0x200,4,99,00,01,01,CC,CC,CC,CC
39600,TX,0x100,8,A1,01,4D,03,2B,0F,A9,03
39600,TX,0x101,6,C8,00,14,02,00,00,CC,CC
39600,TX,0x200,4,77,00,01,01,CC,CC,CC,CC
39800,TX,0x100,8,9D,01,4C,03,31,0F,AF,03
39800,TX,0x101,6,CB,00,1A,02,00,00,CC,CC
39800,TX,0x200,4,59,00,01,01,CC,CC,CC,CC
40000,TX,0x100,8,98,01,4B,03,26,0F,BF,03
40000,TX,0x101,6,C6,00,1B,02,00,00,CC,CC
40000,TX,0x200,4,39,00,01,01,CC,CC,CC,CC
40200,TX,0x100,8,95,01,4B,03,27,0F,D0,03
40200,TX,0x101,6,CB,00,1E,02,00,00,CC,CC
40200,TX,0x200,4,22,00,01,01,CC,CC,CC,CC
40400,TX,0x100,8,91,01,4A,03,29,0F,E0,03
40400,TX,0x101,6,CA,00,20,02,00,00,CC,CC
40400,TX,0x200,4,07,00,01,01,CC,CC,CC,CC
40600,TX,0x100,8,8D,01,49,03,2C,0F,E1,03
40600,TX,0x101,6,C5,00,21,02,00,00,CC,CC
40600,TX,0x200,4,00,00,00,00,CC,CC,CC,CC
40800,TX,0x100,8,89,01,49,03,2A,0F,E6,03
40800,TX,0x101,6,C7,00,26,02,00,00,CC,CC
40800,TX,0x200,4,00,00,00,00,CC,CC,CC,CC
41000,TX,0x100,8,86,01,48,03,1F,0F,F5,03
41000,TX,0x101,6,CA,00,20,02,00,00,CC,CC
41000,TX,0x200,4,00,00,00,00,CC,CC,CC,CC
41200,TX,0x100,8,83,01,47,03,25,0F,F7,03
41200,TX,0x101,6,C5,00,2B,02,00,00,CC,CC
41200,TX,0x200,4,00,00,00,00,CC,CC,CC,CC
41400,TX,0x100,8,80,01,47,03,21,0F,0D,04
41400,TX,0x101,6,C5,00,23,02,00,00,CC,CC
41400,TX,0x200,4,00,00,00,00,CC,CC,CC,CC
41600,TX,0x100,8,7D,01,46,03,21,0F,04,04
41600,TX,0x101,6,C8,00,2D,02,00,00,CC,CC
41600,TX,0x200,4,00,00,00,00,CC,CC,CC,CC
41800,TX,0x100,8,7B,01,45,03,1E,0F,0A,04
41800,TX,0x101,6,C8,00,30,02,00,00,CC,CC
41800,TX,0x200,4,00,00,00,00,CC,CC,CC,CC
42000,TX,0x100,8,78,01,44,03,25,0F,01,04
42000,TX,0x101,6,C6,00,2E,02,00,00,CC,CC
42000,TX,0x200,4,00,00,00,00,CC,CC,CC,CC
42200,TX,0x100,8,76,01,44,03,22,0F,1A,04
42200,TX,0x101,6,C7,00,2F,02,00,00,CC,CC
42200,TX,0x200,4,00,00,00,00,CC,CC,CC,CC
42400,TX,0x100,8,73,01,43,03,13,0F,1F,04
42400,TX,0x101,6,C9,00,31,02,00,00,CC,CC
42400,TX,0x200,4,00,00,00,00,CC,CC,CC,CC
42600,TX,0x100,8,71,01,42,03,24,0F,12,04
42600,TX,0x101,6,C5,00,33,02,00,00,CC,CC
42600,TX,0x200,4,00,00,00,00,CC,CC,CC,CC
42800,TX,0x100,8,6F,01,42,03,19,0F,11,04
42800,TX,0x101,6,C7,00,31,02,00,00,CC,CC
42800,TX,0x200,4,00,00,00,00,CC,CC,CC,CC
43000,TX,0x100,8,6D,01,41,03,1F,0F,1F,04
43000,TX,0x101,6,C2,00,3C,02,00,00,CC,CC
43000,TX,0x200,4,00,00,00,00,CC,CC,CC,CC
43200,TX,0x100,8,6C,01,40,03,22,0F,33,04
43200,TX,0x101,6,CA,00,3D,02,00,00,CC,CC
43200,TX,0x200,4,00,00,00,00,CC,CC,CC,CC
43400,TX,0x100,8,69,01,3F,03,1E,0F,35,04
43400,TX,0x101,6,C4,00,3C,02,00,00,CC,CC
43400,TX,0x200,4,00,00,00,00,CC,CC,CC,CC
43600,TX,0x100,8,68,01,3F,03,20,0F,18,04
43600,TX,0x101,6,CB,00,3F,02,00,00,CC,CC
43600,TX,0x200,4,00,00,00,00,CC,CC,CC,CC
43800,TX,0x100,8,67,01,3E,03,21,0F,39,04
43800,TX,0x101,6,C8,00,3C,02,00,00,CC,CC
43800,TX,0x200,4,00,00,00,00,CC,CC,CC,CC
44000,TX,0x100,8,65,01,3D,03,1B,0F,33,04
44000,TX,0x101,6,C5,00,41,02,00,00,CC,CC
44000,TX,0x200,4,00,00,00,00,CC,CC,CC,CC
44200,TX,0x100,8,63,01,3C,03,18,0F,4C,04
44200,TX,0x101,6,CA,00,3D,02,00,00,CC,CC
44200,TX,0x200,4,00,00,00,00,CC,CC,CC,CC
44400,TX,0x100,8,62,01,3C,03,14,0F,38,04
44400,TX,0x101,6,C4,00,45,02,00,00,CC,CC
44400,TX,0x200,4,00,00,00,00,CC,CC,CC,CC
44600,TX,0x100,8,61,01,3B,03,14,0F,3E,04
44600,TX,0x101,6,C8,00,45,02,00,00,CC,CC
44600,TX,0x200,4,00,00,00,00,CC,CC,CC,CC
44800,TX,0x100,8,60,01,3A,03,15,0F,47,04
44800,TX,0x101,6,C8,00,46,02,00,00,CC,CC
44800,TX,0x200,4,00,00,00,00,CC,CC,CC,CC
45000,TX,0x100,8,5E,01,39,03,14,0F,3F,04
45000,TX,0x101,6,C8,00,40,02,00,00,CC,CC
45000,TX,0x200,4,00,00,00,00,CC,CC,CC,CC
45200,TX,0x100,8,5E,01,39,03,15,0F,2C,04
45200,TX,0x101,6,CA,00,45,02,00,00,CC,CC
45200,TX,0x200,4,00,00,00,00,CC,CC,CC,CC
45400,TX,0x100,8,5D,01,38,03,18,0F,33,04
45400,TX,0x101,6,C9,00,49,02,00,00,CC,CC
45400,TX,0x200,4,00,00,00,00,CC,CC,CC,CC
45600,TX,0x100,8,5C,01,37,03,15,0F,2E,04
45600,TX,0x101,6,CB,00,4A,02,00,00,CC,CC
45600,TX,0x200,4,00,00,00,00,CC,CC,CC,CC
45800,TX,0x100,8,5B,01,36,03,11,0F,33,04
45800,TX,0x101,6,C9,00,50,02,00,00,CC,CC
45800,TX,0x200,4,00,00,00,00,CC,CC,CC,CC
46000,TX,0x100,8,59,01,36,03,12,0F,46,04
46000,TX,0x101,6,C7,00,4D,02,00,00,CC,CC
46000,TX,0x200,4,00,00,00,00,CC,CC,CC,CC
46200,TX,0x100,8,5A,01,35,03,12,0F,3A,04
46200,TX,0x101,6,CA,00,52,02,00,00,CC,CC
46200,TX,0x200,4,00,00,00,00,CC,CC,CC,CC
46400,TX,0x100,8,58,01,34,03,0A,0F,4A,04
46400,TX,0x101,6,C6,00,51,02,00,00,CC,CC
46400,TX,0x200,4,00,00,00,00,CC,CC,CC,CC
46600,TX,0x100,8,58,01,33,03,0F,0F,53,04
46600,TX,0x101,6,CA,00,55,02,00,00,CC,CC
46600,TX,0x200,4,00,00,00,00,CC,CC,CC,CC
46800,TX,0x100,8,56,01,33,03,0B,0F,2C,04
46800,TX,0x101,6,C8,00,57,02,00,00,CC,CC
46800,TX,0x200,4,00,00,00,00,CC,CC,CC,CC
47000,TX,0x100,8,55,01,32,03,09,0F,23,04
47000,TX,0x101,6,C7,00,56,02,00,00,CC,CC
47000,TX,0x200,4,00,00,00,00,CC,CC,CC,CC
47200,TX,0x100,8,54,01,31,03,12,0F,04,04
47200,TX,0x101,6,C8,00,57,02,00,00,CC,CC
47200,TX,0x200,4,00,00,00,00,CC,CC,CC,CC
47400,TX,0x100,8,53,01,31,03,0F,0F,ED,03
47400,TX,0x101,6,CA,00,58,02,00,00,CC,CC
47400,TX,0x200,4,00,00,00,00,CC,CC,CC,CC
47600,TX,0x100,8,52,01,30,03,0A,0F,F1,03
47600,TX,0x101,6,C7,00,58,02,00,00,CC,CC
47600,TX,0x200,4,00,00,00,00,CC,CC,CC,CC
47800,TX,0x100,8,52,01,2F,03,15,0F,D2,03
47800,TX,0x101,6,C6,00,59,02,00,00,CC,CC
47800,TX,0x200,4,00,00,00,00,CC,CC,CC,CC
48000,TX,0x100,8,50,01,2F,03,13,0F,D3,03
48000,TX,0x101,6,C6,00,5C,02,00,00,CC,CC
48000,TX,0x200,4,00,00,00,00,CC,CC,CC,CC
48200,TX,0x100,8,4F,01,2E,03,0D,0F,CF,03
48200,TX,0x101,6,C8,00,61,02,00,00,CC,CC
48200,TX,0x200,4,00,00,00,00,CC,CC,CC,CC
48400,TX,0x100,8,4E,01,2D,03,07,0F,BA,03
48400,TX,0x101,6,CA,00,5F,02,00,00,CC,CC
48400,TX,0x200,4,00,00,00,00,CC,CC,CC,CC
48600,TX,0x100,8,4E,01,2D,03,05,0F,B0,03
48600,TX,0x101,6,CB,00,61,02,00,00,CC,CC
48600,TX,0x200,4,00,00,00,00,CC,CC,CC,CC
48800,TX,0x100,8,4C,01,2C,03,10,0F,C1,03
48800,TX,0x101,6,C9,00,6A,02,00,00,CC,CC
48800,TX,0x200,4,00,00,00,00,CC,CC,CC,CC
49000,TX,0x100,8,4C,01,2B,03,0B,0F,AB,03
49000,TX,0x101,6,C9,00,5F,02,00,00,CC,CC
49000,TX,0x200,4,00,00,00,00,CC,CC,CC,CC
49200,TX,0x100,8,4B,01,2B,03,03,0F,AE,03
49200,TX,0x101,6,C9,00,64,02,00,00,CC,CC
49200,TX,0x200,4,00,00,00,00,CC,CC,CC,CC
49400,TX,0x100,8,4B,01,2A,03,0F,0F,A7,03
49400,TX,0x101,6,C8,00,69,02,00,00,CC,CC
49400,TX,0x200,4,00,00,00,00,CC,CC,CC,CC
49600,TX,0x100,8,4A,01,29,03,08,0F,A8,03
49600,TX,0x101,6,C8,00,60,02,00,00,CC,CC
49600,TX,0x200,4,00,00,00,00,CC,CC,CC,CC
49800,TX,0x100,8,49,01,29,03,09,0F,A9,03
49800,TX,0x101,6,C6,00,69,02,00,00,CC,CC
49800,TX,0x200,4,00,00,00,00,CC,CC,CC,CC
50000,TX,0x100,8,48,01,28,03,0B,0F,A6,03
50000,TX,0x101,6,C5,00,67,02,00,00,CC,CC
50000,TX,0x200,4,00,00,00,00,CC,CC,CC,CC
50200,TX,0x100,8,48,01,28,03,06,0F,A4,03
50200,TX,0x101,6,C6,00,6E,02,00,00,CC,CC
50200,TX,0x200,4,00,00,00,00,CC,CC,CC,CC
50400,TX,0x100,8,47,01,27,03,05,0F,AC,03
50400,TX,0x101,6,C4,00,6C,02,00,00,CC,CC
50400,TX,0x200,4,00,00,00,00,CC,CC,CC,CC
50600,TX,0x100,8,46,01,26,03,FD,0E,9F,03
50600,TX,0x101,6,C7,00,6C,02,00,00,CC,CC
50600,TX,0x200,4,00,00,00,00,CC,CC,CC,CC
50800,TX,0x100,8,46,01,26,03,03,0F,A3,03
50800,TX,0x101,6,C8,00,74,02,00,00,CC,CC
50800,TX,0x200,4,00,00,00,00,CC,CC,CC,CC
51000,TX,0x100,8,45,01,25,03,FF,0E,9F,03
51000,TX,0x101,6,CB,00,71,02,00,00,CC,CC
51000,TX,0x200,4,00,00,00,00,CC,CC,CC,CC
51200,TX,0x100,8,45,01,24,03,01,0F,AE,03
51200,TX,0x101,6,C7,00,73,02,00,00,CC,CC
51200,TX,0x200,4,00,00,00,00,CC,CC,CC,CC
51400,TX,0x100,8,45,01,24,03,00,0F,8F,03
51400,TX,0x101,6,C7,00,6C,02,00,00,CC,CC
51400,TX,0x200,4,00,00,00,00,CC,CC,CC,CC
51600,TX,0x100,8,44,01,23,03,F3,0E,9A,03
51600,TX,0x101,6,CA,00,73,02,00,00,CC,CC
51600,TX,0x200,4,00,00,00,00,CC,CC,CC,CC
51800,TX,0x100,8,44,01,23,03,08,0F,2E,03
51800,TX,0x101,6,C7,00,77,02,00,00,CC,CC
51800,TX,0x200,4,00,00,00,00,CC,CC,CC,CC
52000,TX,0x100,8,43,01,22,03,00,0F,D5,02
52000,TX,0x101,6,C6,00,77,02,00,00,CC,CC
52000,TX,0x200,4,00,00,00,00,CC,CC,CC,CC
52200,TX,0x100,8,43,01,22,03,03,0F,8E,02
52200,TX,0x101,6,C4,00,72,02,00,00,CC,CC
52200,TX,0x200,4,00,00,00,00,CC,CC,CC,CC
52400,TX,0x100,8,42,01,21,03,05,0F,3B,02
52400,TX,0x101,6,C7,00,76,02,00,00,CC,CC
52400,TX,0x200,4,00,00,00,00,CC,CC,CC,CC
52600,TX,0x100,8,40,01,21,03,01,0F,11,02
52600,TX,0x101,6,C7,00,79,02,00,00,CC,CC
52600,TX,0x200,4,00,00,00,00,CC,CC,CC,CC
52800,TX,0x100,8,40,01,21,03,08,0F,CD,01
52800,TX,0x101,6,C4,00,76,02,00,00,CC,CC
52800,TX,0x200,4,00,00,00,00,CC,CC,CC,CC
53000,TX,0x100,8,3F,01,20,03,FE,0E,A9,01
53000,TX,0x101,6,C6,00,76,02,00,00,CC,CC
53000,TX,0x200,4,00,00,00,00,CC,CC,CC,CC
53200,TX,0x100,8,3F,01,20,03,FC,0E,87,01
53200,TX,0x101,6,C7,00,79,02,00,00,CC,CC
53200,TX,0x200,4,00,00,00,00,CC,CC,CC,CC
53400,TX,0x100,8,3E,01,20,03,FD,0E,6C,01
53400,TX,0x101,6,C9,00,77,02,00,00,CC,CC
53400,TX,0x200,4,00,00,00,00,CC,CC,CC,CC
53600,TX,0x100,8,3D,01,20,03,F9,0E,4F,01
53600,TX,0x101,6,C6,00,7E,02,00,00,CC,CC
53600,TX,0x200,4,00,00,00,00,CC,CC,CC,CC
53800,TX,0x100,8,3D,01,20,03,FC,0E,40,01
53800,TX,0x101,6,CA,00,7F,02,00,00,CC,CC
53800,TX,0x200,4,00,00,00,00,CC,CC,CC,CC
54000,TX,0x100,8,3C,01,1F,03,F8,0E,1E,01
54000,TX,0x101,6,C4,00,78,02,00,00,CC,CC
54000,TX,0x200,4,00,00,00,00,CC,CC,CC,CC
54200,TX,0x100,8,3B,01,1F,03,F9,0E,1C,01
54200,TX,0x101,6,C6,00,79,02,00,00,CC,CC
54200,TX,0x200,4,00,00,00,00,CC,CC,CC,CC
54400,TX,0x100,8,3A,01,1F,03,01,0F,12,01
54400,TX,0x101,6,C5,00,7D,02,00,00,CC,CC
54400,TX,0x200,4,00,00,00,00,CC,CC,CC,CC
54600,TX,0x100,8,39,01,1F,03,FB,0E,1D,01
54600,TX,0x101,6,CA,00,7E,02,00,00,CC,CC
54600,TX,0x200,4,00,00,00,00,CC,CC,CC,CC
54800,TX,0x100,8,38,01,1F,03,FD,0E,07,01
54800,TX,0x101,6,C8,00,7F,02,00,00,CC,CC
54800,TX,0x200,4,00,00,00,00,CC,CC,CC,CC
55000,TX,0x100,8,38,01,1F,03,FE,0E,FF,00
55000,TX,0x101,6,C8,00,7A,02,00,00,CC,CC
55000,TX,0x200,4,00,00,00,00,CC,CC,CC,CC
55200,TX,0x100,8,37,01,1F,03,F5,0E,F1,00
55200,TX,0x101,6,C7,00,7B,02,00,00,CC,CC
55200,TX,0x200,4,00,00,00,00,CC,CC,CC,CC
55400,TX,0x100,8,37,01,1F,03,F8,0E,FC,00
55400,TX,0x101,6,C8,00,7D,02,00,00,CC,CC
55400,TX,0x200,4,00,00,00,00,CC,CC,CC,CC
55600,TX,0x100,8,36,01,1E,03,FF,0E,DB,00
55600,TX,0x101,6,C6,00,7B,02,00,00,CC,CC
55600,TX,0x200,4,00,00,00,00,CC,CC,CC,CC
55800,TX,0x100,8,36,01,1E,03,FA,0E,DE,00
55800,TX,0x101,6,C6,00,7B,02,00,00,CC,CC
55800,TX,0x200,4,00,00,00,00,CC,CC,CC,CC
56000,TX,0x100,8,35,01,1E,03,05,0F,DA,00
56000,TX,0x101,6,C7,00,7F,02,00,00,CC,CC
56000,TX,0x200,4,00,00,00,00,CC,CC,CC,CC
56200,TX,0x100,8,34,01,1E,03,FF,0E,D8,00
56200,TX,0x101,6,C5,00,7D,02,00,00,CC,CC
56200,TX,0x200,4,00,00,00,00,CC,CC,CC,CC
56400,TX,0x100,8,34,01,1E,03,F5,0E,D5,00
56400,TX,0x101,6,C6,00,7B,02,00,00,CC,CC
56400,TX,0x200,4,00,00,00,00,CC,CC,CC,CC
56600,TX,0x100,8,33,01,1E,03,FA,0E,DD,00
56600,TX,0x101,6,C7,00,7D,02,00,00,CC,CC
56600,TX,0x200,4,00,00,00,00,CC,CC,CC,CC
56800,TX,0x100,8,32,01,1E,03,FE,0E,D5,00
56800,TX,0x101,6,C9,00,7B,02,00,00,CC,CC
56800,TX,0x200,4,00,00,00,00,CC,CC,CC,CC
57000,TX,0x100,8,32,01,1E,03,FC,0E,D4,00
57000,TX,0x101,6,C8,00,7B,02,00,00,CC,CC
57000,TX,0x200,4,00,00,00,00,CC,CC,CC,CC
57200,TX,0x100,8,31,01,1E,03,F5,0E,CB,00
57200,TX,0x101,6,C6,00,7D,02,00,00,CC,CC
57200,TX,0x200,4,00,00,00,00,CC,CC,CC,CC
57400,TX,0x100,8,30,01,1D,03,F6,0E,C8,00
57400,TX,0x101,6,C7,00,75,02,00,00,CC,CC
57400,TX,0x200,4,00,00,00,00,CC,CC,CC,CC
57600,TX,0x100,8,30,01,1D,03,F4,0E,C0,00
57600,TX,0x101,6,C7,00,74,02,00,00,CC,CC
57600,TX,0x200,4,00,00,00,00,CC,CC,CC,CC
57800,TX,0x100,8,2F,01,1D,03,F3,0E,C0,00
57800,TX,0x101,6,C5,00,73,02,00,00,CC,CC
57800,TX,0x200,4,00,00,00,00,CC,CC,CC,CC
58000,TX,0x100,8,2F,01,1D,03,F6,0E,BF,00
58000,TX,0x101,6,C5,00,78,02,00,00,CC,CC
58000,TX,0x200,4,00,00,00,00,CC,CC,CC,CC
58200,TX,0x100,8,2E,01,1D,03,F2,0E,C3,00
58200,TX,0x101,6,CA,00,73,02,00,00,CC,CC
58200,TX,0x200,4,00,00,00,00,CC,CC,CC,CC
58400,TX,0x100,8,2E,01,1D,03,FB,0E,B5,00
58400,TX,0x101,6,C6,00,77,02,00,00,CC,CC
58400,TX,0x200,4,00,00,00,00,CC,CC,CC,CC
58600,TX,0x100,8,2D,01,1D,03,FF,0E,D0,00
58600,TX,0x101,6,C8,00,78,02,00,00,CC,CC
58600,TX,0x200,4,00,00,00,00,CC,CC,CC,CC
58800,TX,0x100,8,2D,01,1D,03,00,0F,B0,00
58800,TX,0x101,6,C8,00,75,02,00,00,CC,CC
58800,TX,0x200,4,00,00,00,00,CC,CC,CC,CC
59000,TX,0x100,8,2D,01,1D,03,00,0F,B0,00
59000,TX,0x101,6,C5,00,73,02,00,00,CC,CC
59000,TX,0x200,4,00,00,00,00,CC,CC,CC,CC
59200,TX,0x100,8,2C,01,1D,03,FF,0E,C8,00
59200,TX,0x101,6,C8,00,74,02,00,00,CC,CC
59200,TX,0x200,4,00,00,00,00,CC,CC,CC,CC
59400,TX,0x100,8,2B,01,1C,03,F3,0E,D2,00
59400,TX,0x101,6,C6,00,71,02,00,00,CC,CC
59400,TX,0x200,4,00,00,00,00,CC,CC,CC,CC
59600,TX,0x100,8,2B,01,1C,03,F5,0E,C3,00
59600,TX,0x101,6,CB,00,75,02,00,00,CC,CC
59600,TX,0x200,4,00,00,00,00,CC,CC,CC,CC
59800,TX,0x100,8,2A,01,1C,03,FA,0E,CB,00
59800,TX,0x101,6,C6,00,73,02,00,00,CC,CC
59800,TX,0x200,4,00,00,00,00,CC,CC,CC,CC
60000,TX,0x100,8,2A,01,1C,03,F3,0E,D1,00
60000,TX,0x101,6,C9,00,71,02,00,00,CC,CC
60000,TX,0x200,4,00,00,00,00,CC,CC,CC,CC
60200,TX,0x100,8,2A,01,1C,03,FB,0E,DA,00
60200,TX,0x101,6,C9,00,6F,02,00,00,CC,CC
60200,TX,0x200,4,00,00,00,00,CC,CC,CC,CC
60400,TX,0x100,8,29,01,1C,03,FB,0E,D6,00
60400,TX,0x101,6,C8,00,6B,02,00,00,CC,CC
60400,TX,0x200,4,00,00,00,00,CC,CC,CC,CC
60600,TX,0x100,8,29,01,1C,03,FC,0E,BB,00
60600,TX,0x101,6,C8,00,6E,02,00,00,CC,CC
60600,TX,0x200,4,00,00,00,00,CC,CC,CC,CC
60800,TX,0x100,8,29,01,1C,03,F6,0E,D6,00
60800,TX,0x101,6,C5,00,65,02,00,00,CC,CC
60800,TX,0x200,4,00,00,00,00,CC,CC,CC,CC
61000,TX,0x100,8,28,01,1C,03,F3,0E,BF,00
61000,TX,0x101,6,C8,00,67,02,00,00,CC,CC
61000,TX,0x200,4,00,00,00,00,CC,CC,CC,CC
61200,TX,0x100,8,27,01,1C,03,FB,0E,DB,00
61200,TX,0x101,6,C8,00,66,02,00,00,CC,CC
61200,TX,0x200,4,00,00,00,00,CC,CC,CC,CC
61400,TX,0x100,8,27,01,1C,03,F8,0E,CD,00
61400,TX,0x101,6,C8,00,66,02,00,00,CC,CC
61400,TX,0x200,4,00,00,00,00,CC,CC,CC,CC
61600,TX,0x100,8,27,01,1B,03,F7,0E,CC,00
61600,TX,0x101,6,C7,00,65,02,00,00,CC,CC
61600,TX,0x200,4,00,00,00,00,CC,CC,CC,CC
61800,TX,0x100,8,26,01,1B,03,F3,0E,CF,00
61800,TX,0x101,6,C6,00,6A,02,00,00,CC,CC
61800,TX,0x200,4,00,00,00,00,CC,CC,CC,CC
62000,TX,0x100,8,26,01,1B,03,F1,0E,D1,00
62000,TX,0x101,6,C9,00,60,02,00,00,CC,CC
62000,TX,0x200,4,00,00,00,00,CC,CC,CC,CC
62200,TX,0x100,8,26,01,1B,03,F6,0E,CB,00
62200,TX,0x101,6,C9,00,60,02,00,00,CC,CC
62200,TX,0x200,4,00,00,00,00,CC,CC,CC,CC
62400,TX,0x100,8,26,01,1B,03,F0,0E,C1,00
62400,TX,0x101,6,C7,00,67,02,00,00,CC,CC
62400,TX,0x200,4,00,00,00,00,CC,CC,CC,CC
62600,TX,0x100,8,25,01,1B,03,EA,0E,C0,00
62600,TX,0x101,6,C9,00,62,02,00,00,CC,CC
62600,TX,0x200,4,00,00,00,00,CC,CC,CC,CC
62800,TX,0x100,8,25,01,1B,03,FD,0E,CD,00
62800,TX,0x101,6,C6,00,5F,02,00,00,CC,CC
62800,TX,0x200,4,00,00,00,00,CC,CC,CC,CC
63000,TX,0x100,8,25,01,1B,03,F1,0E,CE,00
63000,TX,0x101,6,C6,00,63,02,00,00,CC,CC
63000,TX,0x200,4,00,00,00,00,CC,CC,CC,CC
63200,TX,0x100,8,24,01,1B,03,F3,0E,CC,00
63200,TX,0x101,6,C9,00,5A,02,00,00,CC,CC
63200,TX,0x200,4,00,00,00,00,CC,CC,CC,CC
63400,TX,0x100,8,24,01,1B,03,F3,0E,CB,00
63400,TX,0x101,6,CB,00,5E,02,00,00,CC,CC
63400,TX,0x200,4,00,00,00,00,CC,CC,CC,CC
63600,TX,0x100,8,23,01,1A,03,F7,0E,C9,00
63600,TX,0x101,6,C6,00,58,02,00,00,CC,CC
63600,TX,0x200,4,00,00,00,00,CC,CC,CC,CC
63800,TX,0x100,8,23,01,1A,03,F1,0E,D4,00
63800,TX,0x101,6,C7,00,5D,02,00,00,CC,CC
63800,TX,0x200,4,00,00,00,00,CC,CC,CC,CC
64000,TX,0x100,8,23,01,1A,03,F3,0E,CC,00
64000,TX,0x101,6,C9,00,5B,02,00,00,CC,CC
64000,TX,0x200,4,00,00,00,00,CC,CC,CC,CC
64200,TX,0x100,8,22,01,1A,03,F6,0E,B7,00
64200,TX,0x101,6,C9,00,52,02,00,00,CC,CC
64200,TX,0x200,4,00,00,00,00,CC,CC,CC,CC
64400,TX,0x100,8,22,01,1A,03,F5,0E,D1,00
64400,TX,0x101,6,C5,00,57,02,00,00,CC,CC
64400,TX,0x200,4,00,00,00,00,CC,CC,CC,CC
64600,TX,0x100,8,22,01,1A,03,F2,0E,C2,00
64600,TX,0x101,6,C9,00,54,02,00,00,CC,CC
64600,TX,0x200,4,00,00,00,00,CC,CC,CC,CC
64800,TX,0x100,8,23,01,1A,03,EE,0E,BE,00
64800,TX,0x101,6,C7,00,50,02,00,00,CC,CC
64800,TX,0x200,4,00,00,00,00,CC,CC,CC,CC
65000,TX,0x100,8,22,01,1A,03,F1,0E,BC,00
65000,TX,0x101,6,C6,00,53,02,00,00,CC,CC
65000,TX,0x200,4,00,00,00,00,CC,CC,CC,CC
65200,TX,0x100,8,21,01,1A,03,F0,0E,C2,00
65200,TX,0x101,6,C4,00,53,02,00,00,CC,CC
65200,TX,0x200,4,00,00,00,00,CC,CC,CC,CC
65400,TX,0x100,8,21,01,1A,03,F2,0E,C9,00
65400,TX,0x101,6,C7,00,4D,02,00,00,CC,CC
65400,TX,0x200,4,00,00,00,00,CC,CC,CC,CC
65600,TX,0x100,8,21,01,19,03,EA,0E,CD,00
65600,TX,0x101,6,CA,00,4E,02,00,00,CC,CC
65600,TX,0x200,4,00,00,00,00,CC,CC,CC,CC
65800,TX,0x100,8,21,01,19,03,E6,0E,C2,00
65800,TX,0x101,6,C9,00,4C,02,00,00,CC,CC
65800,TX,0x200,4,00,00,00,00,CC,CC,CC,CC
66000,TX,0x100,8,20,01,19,03,ED,0E,C2,00
66000,TX,0x101,6,C7,00,48,02,00,00,CC,CC
66000,TX,0x200,4,00,00,00,00,CC,CC,CC,CC
66200,TX,0x100,8,20,01,19,03,EE,0E,D1,00
66200,TX,0x101,6,C7,00,47,02,00,00,CC,CC
66200,TX,0x200,4,00,00,00,00,CC,CC,CC,CC
66400,TX,0x100,8,20,01,19,03,F3,0E,D6,00
66400,TX,0x101,6,C6,00,43,02,00,00,CC,CC
66400,TX,0x200,4,00,00,00,00,CC,CC,CC,CC
66600,TX,0x100,8,20,01,19,03,EB,0E,D4,00
66600,TX,0x101,6,C7,00,49,02,00,00,CC,CC
66600,TX,0x200,4,00,00,00,00,CC,CC,CC,CC
66800,TX,0x100,8,1F,01,19,03,EE,0E,C9,00
66800,TX,0x101,6,C8,00,45,02,00,00,CC,CC
66800,TX,0x200,4,00,00,00,00,CC,CC,CC,CC
67000,TX,0x100,8,20,01,19,03,F2,0E,CD,00
67000,TX,0x101,6,C6,00,3C,02,00,00,CC,CC
67000,TX,0x200,4,00,00,00,00,CC,CC,CC,CC
67200,TX,0x100,8,1F,01,19,03,FA,0E,D5,00
67200,TX,0x101,6,CB,00,37,02,00,00,CC,CC
67200,TX,0x200,4,00,00,00,00,CC,CC,CC,CC
67400,TX,0x100,8,1E,01,19,03,F2,0E,CE,00
67400,TX,0x101,6,C5,00,3E,02,00,00,CC,CC
67400,TX,0x200,4,00,00,00,00,CC,CC,CC,CC
67600,TX,0x100,8,1E,01,19,03,EE,0E,C4,00
67600,TX,0x101,6,C7,00,40,02,00,00,CC,CC
67600,TX,0x200,4,00,00,00,00,CC,CC,CC,CC
67800,TX,0x100,8,1F,01,18,03,F2,0E,CC,00
67800,TX,0x101,6,C7,00,3B,02,00,00,CC,CC
67800,TX,0x200,4,00,00,00,00,CC,CC,CC,CC
68000,TX,0x100,8,1E,01,18,03,F0,0E,D7,00
68000,TX,0x101,6,C9,00,3B,02,00,00,CC,CC
68000,TX,0x200,4,00,00,00,00,CC,CC,CC,CC
68200,TX,0x100,8,1E,01,18,03,EF,0E,D0,00
68200,TX,0x101,6,C5,00,3A,02,00,00,CC,CC
68200,TX,0x200,4,00,00,00,00,CC,CC,CC,CC
68400,TX,0x100,8,1D,01,18,03,E6,0E,C2,00
68400,TX,0x101,6,C9,00,36,02,00,00,CC,CC
68400,TX,0x200,4,00,00,00,00,CC,CC,CC,CC
68600,TX,0x100,8,1D,01,18,03,EF,0E,BC,00
68600,TX,0x101,6,C8,00,2E,02,00,00,CC,CC
68600,TX,0x200,4,00,00,00,00,CC,CC,CC,CC
68800,TX,0x100,8,1D,01,18,03,F0,0E,D0,00
68800,TX,0x101,6,C5,00,35,02,00,00,CC,CC
68800,TX,0x200,4,00,00,00,00,CC,CC,CC,CC
69000,TX,0x100,8,1D,01,18,03,F1,0E,C8,00
69000,TX,0x101,6,C8,00,2F,02,00,00,CC,CC
69000,TX,0x200,4,00,00,00,00,CC,CC,CC,CC
69200,TX,0x100,8,1D,01,18,03,E8,0E,C6,00
69200,TX,0x101,6,C9,00,34,02,00,00,CC,CC
69200,TX,0x200,4,00,00,00,00,CC,CC,CC,CC
69400,TX,0x100,8,1D,01,18,03,EA,0E,CD,00
69400,TX,0x101,6,CA,00,27,02,00,00,CC,CC
69400,TX,0x200,4,00,00,00,00,CC,CC,CC,CC
69600,TX,0x100,8,1D,01,18,03,EE,0E,C6,00
69600,TX,0x101,6,C7,00,2C,02,00,00,CC,CC
69600,TX,0x200,4,00,00,00,00,CC,CC,CC,CC
69800,TX,0x100,8,1C,01,17,03,F8,0E,BC,00
69800,TX,0x101,6,C7,00,2D,02,00,00,CC,CC
69800,TX,0x200,4,00,00,00,00,CC,CC,CC,CC
70000,TX,0x100,8,1C,01,17,03,EE,0E,E3,00
70000,TX,0x101,6,C4,00,29,02,00,00,CC,CC
70000,TX,0x200,4,00,00,00,00,CC,CC,CC,CC
70200,TX,0x100,8,1C,01,17,03,E4,0E,C5,00
70200,TX,0x101,6,C8,00,27,02,00,00,CC,CC
70200,TX,0x200,4,00,00,00,00,CC,CC,CC,CC
70400,TX,0x100,8,1C,01,17,03,F2,0E,BE,00
70400,TX,0x101,6,C7,00,28,02,00,00,CC,CC
70400,TX,0x200,4,00,00,00,00,CC,CC,CC,CC
70600,TX,0x100,8,1C,01,17,03,F5,0E,CA,00
70600,TX,0x101,6,CA,00,28,02,00,00,CC,CC
70600,TX,0x200,4,00,00,00,00,CC,CC,CC,CC
70800,TX,0x100,8,1B,01,17,03,E9,0E,BF,00
70800,TX,0x101,6,C2,00,1D,02,00,00,CC,CC
70800,TX,0x200,4,00,00,00,00,CC,CC,CC,CC
71000,TX,0x100,8,1B,01,17,03,EE,0E,C4,00
71000,TX,0x101,6,C5,00,20,02,00,00,CC,CC
71000,TX,0x200,4,00,00,00,00,CC,CC,CC,CC
71200,TX,0x100,8,1B,01,17,03,F1,0E,D3,00
71200,TX,0x101,6,C8,00,23,02,00,00,CC,CC
71200,TX,0x200,4,00,00,00,00,CC,CC,CC,CC
71400,TX,0x100,8,1B,01,17,03,EF,0E,C2,00
71400,TX,0x101,6,C7,00,22,02,00,00,CC,CC
71400,TX,0x200,4,00,00,00,00,CC,CC,CC,CC
71600,TX,0x100,8,1B,01,17,03,E8,0E,CC,00
71600,TX,0x101,6,CA,00,18,02,00,00,CC,CC
71600,TX,0x200,4,00,00,00,00,CC,CC,CC,CC
71800,TX,0x100,8,1B,01,17,03,EE,0E,C0,00
71800,TX,0x101,6,CA,00,1B,02,00,00,CC,CC
71800,TX,0x200,4,00,00,00,00,CC,CC,CC,CC
72000,TX,0x100,8,1A,01,16,03,FC,0E,BC,00
72000,TX,0x101,6,C8,00,1A,02,00,00,CC,CC
72000,TX,0x200,4,00,00,00,00,CC,CC,CC,CC
72200,TX,0x100,8,1B,01,16,03,F4,0E,C9,00
72200,TX,0x101,6,C8,00,15,02,00,00,CC,CC
72200,TX,0x200,4,00,00,00,00,CC,CC,CC,CC
72400,TX,0x100,8,1A,01,16,03,F1,0E,CE,00
72400,TX,0x101,6,C5,00,15,02,00,00,CC,CC
72400,TX,0x200,4,00,00,00,00,CC,CC,CC,CC
72600,TX,0x100,8,1A,01,16,03,ED,0E,B9,00
72600,TX,0x101,6,C7,00,13,02,00,00,CC,CC
72600,TX,0x200,4,00,00,00,00,CC,CC,CC,CC
72800,TX,0x100,8,1A,01,16,03,EA,0E,C5,00
72800,TX,0x101,6,C6,00,15,02,00,00,CC,CC
72800,TX,0x200,4,00,00,00,00,CC,CC,CC,CC
73000,TX,0x100,8,1A,01,16,03,E9,0E,C4,00
73000,TX,0x101,6,CA,00,10,02,00,00,CC,CC
73000,TX,0x200,4,00,00,00,00,CC,CC,CC,CC
73200,TX,0x100,8,1A,01,16,03,F2,0E,B5,00
73200,TX,0x101,6,C7,00,0B,02,00,00,CC,CC
73200,TX,0x200,4,00,00,00,00,CC,CC,CC,CC
73400,TX,0x100,8,19,01,16,03,E2,0E,B2,00
73400,TX,0x101,6,C7,00,0B,02,00,00,CC,CC
73400,TX,0x200,4,00,00,00,00,CC,CC,CC,CC
73600,TX,0x100,8,1A,01,16,03,EA,0E,D4,00
73600,TX,0x101,6,C9,00,12,02,00,00,CC,CC
73600,TX,0x200,4,00,00,00,00,CC,CC,CC,CC
73800,TX,0x100,8,19,01,16,03,EB,0E,C5,00
73800,TX,0x101,6,C8,00,07,02,00,00,CC,CC
73800,TX,0x200,4,00,00,00,00,CC,CC,CC,CC
74000,TX,0x100,8,19,01,15,03,EE,0E,CA,00
74000,TX,0x101,6,CA,00,0A,02,00,00,CC,CC
74000,TX,0x200,4,00,00,00,00,CC,CC,CC,CC
74200,TX,0x100,8,19,01,15,03,ED,0E,C9,00
74200,TX,0x101,6,CA,00,07,02,00,00,CC,CC
74200,TX,0x200,4,00,00,00,00,CC,CC,CC,CC
74400,TX,0x100,8,19,01,15,03,EF,0E,C6,00
74400,TX,0x101,6,C7,00,03,02,00,00,CC,CC
74400,TX,0x200,4,00,00,00,00,CC,CC,CC,CC
74600,TX,0x100,8,19,01,15,03,E9,0E,B5,00
74600,TX,0x101,6,C6,00,07,02,00,00,CC,CC
74600,TX,0x200,4,00,00,00,00,CC,CC,CC,CC
74800,TX,0x100,8,18,01,15,03,EA,0E,C7,00
74800,TX,0x101,6,C9,00,05,02,00,00,CC,CC
74800,TX,0x200,4,00,00,00,00,CC,CC,CC,CC
75000,TX,0x100,8,19,01,15,03,E4,0E,CE,00
75000,TX,0x101,6,C6,00,05,02,00,00,CC,CC
75000,TX,0x200,4,00,00,00,00,CC,CC,CC,CC
75200,TX,0x100,8,19,01,15,03,E2,0E,D2,00
75200,TX,0x101,6,C4,00,FD,01,00,00,CC,CC
75200,TX,0x200,4,00,00,00,00,CC,CC,CC,CC
75400,TX,0x100,8,19,01,15,03,EA,0E,D5,00
75400,TX,0x101,6,CA,00,FC,01,00,00,CC,CC
75400,TX,0x200,4,00,00,00,00,CC,CC,CC,CC
75600,TX,0x100,8,18,01,15,03,EA,0E,CC,00
75600,TX,0x101,6,C8,00,FA,01,00,00,CC,CC
75600,TX,0x200,4,00,00,00,00,CC,CC,CC,CC
75800,TX,0x100,8,18,01,15,03,E0,0E,D7,00
75800,TX,0x101,6,CA,00,FC,01,00,00,CC,CC
75800,TX,0x200,4,00,00,00,00,CC,CC,CC,CC
76000,TX,0x100,8,18,01,14,03,E3,0E,C1,00
76000,TX,0x101,6,C9,00,FA,01,00,00,CC,CC
76000,TX,0x200,4,00,00,00,00,CC,CC,CC,CC
76200,TX,0x100,8,18,01,14,03,E8,0E,C6,00
76200,TX,0x101,6,C3,00,F4,01,00,00,CC,CC
76200,TX,0x200,4,00,00,00,00,CC,CC,CC,CC
76400,TX,0x100,8,18,01,14,03,E6,0E,C4,00
76400,TX,0x101,6,C6,00,FA,01,00,00,CC,CC
76400,TX,0x200,4,00,00,00,00,CC,CC,CC,CC
76600,TX,0x100,8,17,01,14,03,E3,0E,CE,00
76600,TX,0x101,6,C7,00,F2,01,00,00,CC,CC
76600,TX,0x200,4,00,00,00,00,CC,CC,CC,CC
76800,TX,0x100,8,18,01,14,03,DF,0E,CE,00
76800,TX,0x101,6,CB,00,F7,01,00,00,CC,CC
76800,TX,0x200,4,00,00,00,00,CC,CC,CC,CC
77000,TX,0x100,8,17,01,14,03,E9,0E,CD,00
77000,TX,0x101,6,C7,00,F3,01,00,00,CC,CC
77000,TX,0x200,4,00,00,00,00,CC,CC,CC,CC
77200,TX,0x100,8,17,01,14,03,E9,0E,B8,00
77200,TX,0x101,6,C9,00,F0,01,00,00,CC,CC
77200,TX,0x200,4,00,00,00,00,CC,CC,CC,CC
77400,TX,0x100,8,17,01,14,03,EB,0E,BB,00
77400,TX,0x101,6,C9,00,EE,01,00,00,CC,CC
77400,TX,0x200,4,00,00,00,00,CC,CC,CC,CC
77600,TX,0x100,8,17,01,14,03,E7,0E,C1,00
77600,TX,0x101,6,C9,00,EC,01,00,00,CC,CC
77600,TX,0x200,4,00,00,00,00,CC,CC,CC,CC
77800,TX,0x100,8,17,01,14,03,E0,0E,C7,00
77800,TX,0x101,6,C9,00,EE,01,00,00,CC,CC
77800,TX,0x200,4,00,00,00,00,CC,CC,CC,CC
78000,TX,0x100,8,17,01,14,03,E8,0E,C7,00
78000,TX,0x101,6,C8,00,EC,01,00,00,CC,CC
78000,TX,0x200,4,00,00,00,00,CC,CC,CC,CC
78200,TX,0x100,8,17,01,13,03,DD,0E,CA,00
78200,TX,0x101,6,CB,00,E7,01,00,00,CC,CC
78200,TX,0x200,4,00,00,00,00,CC,CC,CC,CC
78400,TX,0x100,8,17,01,13,03,E6,0E,CB,00
78400,TX,0x101,6,CA,00,EB,01,00,00,CC,CC
78400,TX,0x200,4,00,00,00,00,CC,CC,CC,CC
78600,TX,0x100,8,17,01,13,03,EB,0E,CE,00
78600,TX,0x101,6,C3,00,EC,01,00,00,CC,CC
78600,TX,0x200,4,00,00,00,00,CC,CC,CC,CC
78800,TX,0x100,8,17,01,13,03,E9,0E,CF,00
78800,TX,0x101,6,C7,00,E2,01,00,00,CC,CC
78800,TX,0x200,4,00,00,00,00,CC,CC,CC,CC
79000,TX,0x100,8,17,01,13,03,E5,0E,CA,00
79000,TX,0x101,6,C7,00,E1,01,00,00,CC,CC
79000,TX,0x200,4,00,00,00,00,CC,CC,CC,CC
79200,TX,0x100,8,16,01,13,03,E5,0E,D2,00
79200,TX,0x101,6,CA,00,E0,01,00,00,CC,CC
79200,TX,0x200,4,00,00,00,00,CC,CC,CC,CC
79400,TX,0x100,8,16,01,13,03,E8,0E,D5,00
79400,TX,0x101,6,C7,00,E0,01,00,00,CC,CC
79400,TX,0x200,4,00,00,00,00,CC,CC,CC,CC
79600,TX,0x100,8,17,01,13,03,DE,0E,C9,00
79600,TX,0x101,6,C6,00,DE,01,00,00,CC,CC
79600,TX,0x200,4,00,00,00,00,CC,CC,CC,CC
79800,TX,0x100,8,17,01,13,03,E1,0E,E0,00
79800,TX,0x101,6,C7,00,DE,01,00,00,CC,CC
79800,TX,0x200,4,00,00,00,00,CC,CC,CC,CC
80000,TX,0x100,8,17,01,13,03,E1,0E,C9,00
80000,TX,0x101,6,C8,00,DB,01,00,00,CC,CC
80000,TX,0x200,4,00,00,00,00,CC,CC,CC,CC
80200,TX,0x100,8,16,01,12,03,E1,0E,B2,00
80200,TX,0x101,6,C6,00,D7,01,00,00,CC,CC
80200,TX,0x200,4,00,00,00,00,CC,CC,CC,CC
80400,TX,0x100,8,16,01,12,03,E6,0E,CF,00
80400,TX,0x101,6,C5,00,D9,01,00,00,CC,CC
80400,TX,0x200,4,00,00,00,00,CC,CC,CC,CC
80600,TX,0x100,8,16,01,12,03,E7,0E,C2,00
80600,TX,0x101,6,C7,00,D9,01,00,00,CC,CC
80600,TX,0x200,4,00,00,00,00,CC,CC,CC,CC
80800,TX,0x100,8,15,01,12,03,DB,0E,CE,00
80800,TX,0x101,6,C5,00,D7,01,00,00,CC,CC
80800,TX,0x200,4,00,00,00,00,CC,CC,CC,CC
81000,TX,0x100,8,16,01,12,03,E6,0E,C0,00
81000,TX,0x101,6,C6,00,D4,01,00,00,CC,CC
81000,TX,0x200,4,00,00,00,00,CC,CC,CC,CC
81200,TX,0x100,8,16,01,12,03,E0,0E,B9,00
81200,TX,0x101,6,C5,00,D7,01,00,00,CC,CC
81200,TX,0x200,4,00,00,00,00,CC,CC,CC,CC
81400,TX,0x100,8,16,01,12,03,D9,0E,CD,00
81400,TX,0x101,6,C6,00,D4,01,00,00,CC,CC
81400,TX,0x200,4,00,00,00,00,CC,CC,CC,CC
81600,TX,0x100,8,16,01,12,03,DF,0E,D5,00
81600,TX,0x101,6,C7,00,D0,01,00,00,CC,CC
81600,TX,0x200,4,00,00,00,00,CC,CC,CC,CC
81800,TX,0x100,8,15,01,12,03,DD,0E,B8,00
81800,TX,0x101,6,C9,00,CE,01,00,00,CC,CC
81800,TX,0x200,4,00,00,00,00,CC,CC,CC,CC
82000,TX,0x100,8,16,01,12,03,E3,0E,C2,00
82000,TX,0x101,6,C8,00,CB,01,00,00,CC,CC
82000,TX,0x200,4,00,00,00,00,CC,CC,CC,CC
82200,TX,0x100,8,15,01,12,03,D9,0E,CB,00
82200,TX,0x101,6,CB,00,CD,01,00,00,CC,CC
82200,TX,0x200,4,00,00,00,00,CC,CC,CC,CC
82400,TX,0x100,8,15,01,11,03,E3,0E,CE,00
82400,TX,0x101,6,C6,00,CE,01,00,00,CC,CC
82400,TX,0x200,4,00,00,00,00,CC,CC,CC,CC
82600,TX,0x100,8,16,01,11,03,DF,0E,C9,00
82600,TX,0x101,6,C8,00,C9,01,00,00,CC,CC
82600,TX,0x200,4,00,00,00,00,CC,CC,CC,CC
82800,TX,0x100,8,15,01,11,03,DC,0E,CA,00
82800,TX,0x101,6,C6,00,D1,01,00,00,CC,CC
82800,TX,0x200,4,00,00,00,00,CC,CC,CC,CC
83000,TX,0x100,8,15,01,11,03,E0,0E,C3,00
83000,TX,0x101,6,C9,00,C6,01,00,00,CC,CC
83000,TX,0x200,4,00,00,00,00,CC,CC,CC,CC
83200,TX,0x100,8,15,01,11,03,E0,0E,C8,00
83200,TX,0x101,6,C3,00,C3,01,00,00,CC,CC
83200,TX,0x200,4,00,00,00,00,CC,CC,CC,CC
83400,TX,0x100,8,15,01,11,03,E1,0E,D4,00
83400,TX,0x101,6,CA,00,C4,01,00,00,CC,CC
83400,TX,0x200,4,00,00,00,00,CC,CC,CC,CC
83600,TX,0x100,8,15,01,11,03,DB,0E,C3,00
83600,TX,0x101,6,C6,00,C1,01,00,00,CC,CC
83600,TX,0x200,4,00,00,00,00,CC,CC,CC,CC
83800,TX,0x100,8,15,01,11,03,DD,0E,B9,00
83800,TX,0x101,6,C6,00,C5,01,00,00,CC,CC
83800,TX,0x200,4,00,00,00,00,CC,CC,CC,CC
84000,TX,0x100,8,15,01,11,03,DE,0E,D7,00
84000,TX,0x101,6,C8,00,C0,01,00,00,CC,CC
84000,TX,0x200,4,00,00,00,00,CC,CC,CC,CC
84200,TX,0x100,8,15,01,11,03,E3,0E,DD,00
84200,TX,0x101,6,C8,00,BB,01,00,00,CC,CC
84200,TX,0x200,4,00,00,00,00,CC,CC,CC,CC
84400,TX,0x100,8,15,01,10,03,E5,0E,CE,00
84400,TX,0x101,6,C9,00,C2,01,00,00,CC,CC
84400,TX,0x200,4,00,00,00,00,CC,CC,CC,CC
84600,TX,0x100,8,15,01,10,03,DF,0E,DC,00
84600,TX,0x101,6,C7,00,C0,01,00,00,CC,CC
84600,TX,0x200,4,00,00,00,00,CC,CC,CC,CC
84800,TX,0x100,8,15,01,10,03,D8,0E,DE,00
84800,TX,0x101,6,C7,00,BE,01,00,00,CC,CC
84800,TX,0x200,4,00,00,00,00,CC,CC,CC,CC
85000,TX,0x100,8,15,01,10,03,E5,0E,C5,00
85000,TX,0x101,6,C6,00,BE,01,00,00,CC,CC
85000,TX,0x200,4,00,00,00,00,CC,CC,CC,CC
85200,TX,0x100,8,15,01,10,03,E4,0E,BC,00
85200,TX,0x101,6,CB,00,BB,01,00,00,CC,CC
85200,TX,0x200,4,00,00,00,00,CC,CC,CC,CC
85400,TX,0x100,8,15,01,10,03,DC,0E,C9,00
85400,TX,0x101,6,C5,00,C1,01,00,00,CC,CC
85400,TX,0x200,4,00,00,00,00,CC,CC,CC,CC
85600,TX,0x100,8,15,01,10,03,DC,0E,B9,00
85600,TX,0x101,6,C5,00,B6,01,00,00,CC,CC
85600,TX,0x200,4,00,00,00,00,CC,CC,CC,CC
85800,TX,0x100,8,14,01,10,03,E4,0E,C7,00
85800,TX,0x101,6,C8,00,B5,01,00,00,CC,CC
85800,TX,0x200,4,00,00,00,00,CC,CC,CC,CC
86000,TX,0x100,8,14,01,10,03,E4,0E,D5,00
86000,TX,0x101,6,C3,00,B3,01,00,00,CC,CC
86000,TX,0x200,4,00,00,00,00,CC,CC,CC,CC
86200,TX,0x100,8,15,01,10,03,DD,0E,C6,00
86200,TX,0x101,6,C8,00,B6,01,00,00,CC,CC
86200,TX,0x200,4,00,00,00,00,CC,CC,CC,CC
86400,TX,0x100,8,15,01,10,03,D7,0E,AA,00
86400,TX,0x101,6,C4,00,B3,01,00,00,CC,CC
86400,TX,0x200,4,00,00,00,00,CC,CC,CC,CC
86600,TX,0x100,8,15,01,0F,03,DC,0E,C6,00
86600,TX,0x101,6,CB,00,AD,01,00,00,CC,CC
86600,TX,0x200,4,00,00,00,00,CC,CC,CC,CC
86800,TX,0x100,8,15,01,0F,03,E6,0E,D2,00
86800,TX,0x101,6,C7,00,B1,01,00,00,CC,CC
86800,TX,0x200,4,00,00,00,00,CC,CC,CC,CC
87000,TX,0x100,8,15,01,0F,03,D9,0E,BE,00
87000,TX,0x101,6,C5,00,B1,01,00,00,CC,CC
87000,TX,0x200,4,00,00,00,00,CC,CC,CC,CC
87200,TX,0x100,8,15,01,0F,03,DC,0E,C0,00
87200,TX,0x101,6,C7,00,B2,01,00,00,CC,CC
87200,TX,0x200,4,00,00,00,00,CC,CC,CC,CC
87400,TX,0x100,8,15,01,0F,03,DC,0E,CA,00
87400,TX,0x101,6,C7,00,AD,01,00,00,CC,CC
87400,TX,0x200,4,00,00,00,00,CC,CC,CC,CC
87600,TX,0x100,8,14,01,0F,03,D8,0E,C5,00
87600,TX,0x101,6,CA,00,B2,01,00,00,CC,CC
87600,TX,0x200,4,00,00,00,00,CC,CC,CC,CC
87800,TX,0x100,8,15,01,0F,03,DB,0E,C2,00
87800,TX,0x101,6,C5,00,AC,01,00,00,CC,CC
87800,TX,0x200,4,00,00,00,00,CC,CC,CC,CC
88000,TX,0x100,8,14,01,0F,03,DC,0E,CF,00
88000,TX,0x101,6,C9,00,AD,01,00,00,CC,CC
88000,TX,0x200,4,00,00,00,00,CC,CC,CC,CC
88200,TX,0x100,8,15,01,0F,03,D8,0E,D3,00
88200,TX,0x101,6,C9,00,AA,01,00,00,CC,CC
88200,TX,0x200,4,00,00,00,00,CC,CC,CC,CC
88400,TX,0x100,8,14,01,0F,03,E2,0E,D9,00
88400,TX,0x101,6,C6,00,A8,01,00,00,CC,CC
88400,TX,0x200,4,00,00,00,00,CC,CC,CC,CC
88600,TX,0x100,8,14,01,0E,03,DE,0E,C5,00
88600,TX,0x101,6,C5,00,A3,01,00,00,CC,CC
88600,TX,0x200,4,00,00,00,00,CC,CC,CC,CC
88800,TX,0x100,8,14,01,0E,03,CE,0E,C7,00
88800,TX,0x101,6,C8,00,A0,01,00,00,CC,CC
88800,TX,0x200,4,00,00,00,00,CC,CC,CC,CC
89000,TX,0x100,8,14,01,0E,03,D5,0E,B5,00
89000,TX,0x101,6,C9,00,A7,01,00,00,CC,CC
89000,TX,0x200,4,00,00,00,00,CC,CC,CC,CC
89200,TX,0x100,8,14,01,0E,03,DC,0E,CD,00
89200,TX,0x101,6,CA,00,A8,01,00,00,CC,CC
89200,TX,0x200,4,00,00,00,00,CC,CC,CC,CC
89400,TX,0x100,8,14,01,0E,03,DC,0E,C4,00
89400,TX,0x101,6,C8,00,A2,01,00,00,CC,CC
89400,TX,0x200,4,00,00,00,00,CC,CC,CC,CC
89600,TX,0x100,8,14,01,0E,03,DB,0E,C0,00
89600,TX,0x101,6,C8,00,9D,01,00,00,CC,CC
89600,TX,0x200,4,00,00,00,00,CC,CC,CC,CC
89800,TX,0x100,8,14,01,0E,03,DC,0E,CF,00
89800,TX,0x101,6,C9,00,A3,01,00,00,CC,CC
89800,TX,0x200,4,00,00,00,00,CC,CC,CC,CC
90000,TX,0x100,8,14,01,0E,03,D6,0E,C4,00
90000,TX,0x101,6,C9,00,9F,01,00,00,CC,CC
90000,TX,0x200,4,00,00,00,00,CC,CC,CC,CC
90200,TX,0x100,8,14,01,0E,03,D9,0E,C9,00
90200,TX,0x101,6,CA,00,9F,01,00,00,CC,CC
90200,TX,0x200,4,00,00,00,00,CC,CC,CC,CC
90400,TX,0x100,8,14,01,0E,03,DB,0E,C1,00
90400,TX,0x101,6,CB,00,9D,01,00,00,CC,CC
90400,TX,0x200,4,00,00,00,00,CC,CC,CC,CC
90600,TX,0x100,8,15,01,0D,03,CB,0E,C4,00
90600,TX,0x101,6,CA,00,9C,01,00,00,CC,CC
90600,TX,0x200,4,00,00,00,00,CC,CC,CC,CC
90800,TX,0x100,8,14,01,0D,03,D4,0E,C7,00
90800,TX,0x101,6,C7,00,9F,01,00,00,CC,CC
90800,TX,0x200,4,00,00,00,00,CC,CC,CC,CC
91000,TX,0x100,8,14,01,0D,03,E3,0E,CF,00
91000,TX,0x101,6,C9,00,97,01,00,00,CC,CC
91000,TX,0x200,4,00,00,00,00,CC,CC,CC,CC
91200,TX,0x100,8,14,01,0D,03,D7,0E,C1,00
91200,TX,0x101,6,C8,00,9D,01,00,00,CC,CC
91200,TX,0x200,4,00,00,00,00,CC,CC,CC,CC
91400,TX,0x100,8,14,01,0D,03,D6,0E,CA,00
91400,TX,0x101,6,C7,00,92,01,00,00,CC,CC
91400,TX,0x200,4,00,00,00,00,CC,CC,CC,CC
91600,TX,0x100,8,14,01,0D,03,DB,0E,D2,00
91600,TX,0x101,6,CB,00,96,01,00,00,CC,CC
91600,TX,0x200,4,00,00,00,00,CC,CC,CC,CC
91800,TX,0x100,8,14,01,0D,03,D2,0E,C8,00
91800,TX,0x101,6,C8,00,9C,01,00,00,CC,CC
91800,TX,0x200,4,00,00,00,00,CC,CC,CC,CC
92000,TX,0x100,8,14,01,0D,03,D7,0E,C9,00
92000,TX,0x101,6,C6,00,94,01,00,00,CC,CC
92000,TX,0x200,4,00,00,00,00,CC,CC,CC,CC
92200,TX,0x100,8,14,01,0D,03,D5,0E,CD,00
92200,TX,0x101,6,C7,00,93,01,00,00,CC,CC
92200,TX,0x200,4,00,00,00,00,CC,CC,CC,CC
92400,TX,0x100,8,14,01,0D,03,D0,0E,C1,00
92400,TX,0x101,6,CB,00,92,01,00,00,CC,CC
92400,TX,0x200,4,00,00,00,00,CC,CC,CC,CC
92600,TX,0x100,8,14,01,0D,03,D4,0E,C9,00
92600,TX,0x101,6,C7,00,97,01,00,00,CC,CC
92600,TX,0x200,4,00,00,00,00,CC,CC,CC,CC
92800,TX,0x100,8,14,01,0C,03,DB,0E,BF,00
92800,TX,0x101,6,C7,00,94,01,00,00,CC,CC
92800,TX,0x200,4,00,00,00,00,CC,CC,CC,CC
93000,TX,0x100,8,14,01,0C,03,D6,0E,D0,00
93000,TX,0x101,6,C6,00,93,01,00,00,CC,CC
93000,TX,0x200,4,00,00,00,00,CC,CC,CC,CC
93200,TX,0x100,8,13,01,0C,03,DE,0E,CB,00
93200,TX,0x101,6,C8,00,8E,01,00,00,CC,CC
93200,TX,0x200,4,00,00,00,00,CC,CC,CC,CC
93400,TX,0x100,8,13,01,0C,03,DC,0E,BA,00
93400,TX,0x101,6,CC,00,8F,01,00,00,CC,CC
93400,TX,0x200,4,00,00,00,00,CC,CC,CC,CC
93600,TX,0x100,8,14,01,0C,03,D3,0E,C3,00
93600,TX,0x101,6,C9,00,8F,01,00,00,CC,CC
93600,TX,0x200,4,00,00,00,00,CC,CC,CC,CC
93800,TX,0x100,8,13,01,0C,03,D9,0E,D8,00
93800,TX,0x101,6,C9,00,90,01,00,00,CC,CC
93800,TX,0x200,4,00,00,00,00,CC,CC,CC,CC
94000,TX,0x100,8,14,01,0C,03,DA,0E,C2,00
94000,TX,0x101,6,CA,00,86,01,00,00,CC,CC
94000,TX,0x200,4,00,00,00,00,CC,CC,CC,CC
94200,TX,0x100,8,13,01,0C,03,DB,0E,D2,00
94200,TX,0x101,6,C9,00,91,01,00,00,CC,CC
94200,TX,0x200,4,00,00,00,00,CC,CC,CC,CC
94400,TX,0x100,8,14,01,0C,03,D6,0E,DB,00
94400,TX,0x101,6,C6,00,89,01,00,00,CC,CC
94400,TX,0x200,4,00,00,00,00,CC,CC,CC,CC
94600,TX,0x100,8,14,01,0C,03,D7,0E,D3,00
94600,TX,0x101,6,C8,00,8E,01,00,00,CC,CC
94600,TX,0x200,4,00,00,00,00,CC,CC,CC,CC
94800,TX,0x100,8,13,01,0B,03,D9,0E,D2,00
94800,TX,0x101,6,C9,00,8C,01,00,00,CC,CC
94800,TX,0x200,4,00,00,00,00,CC,CC,CC,CC
95000,TX,0x100,8,14,01,0B,03,D9,0E,B6,00
95000,TX,0x101,6,C5,00,88,01,00,00,CC,CC
95000,TX,0x200,4,00,00,00,00,CC,CC,CC,CC
95200,TX,0x100,8,14,01,0B,03,CE,0E,C1,00
95200,TX,0x101,6,C7,00,8A,01,00,00,CC,CC
95200,TX,0x200,4,00,00,00,00,CC,CC,CC,CC
95400,TX,0x100,8,13,01,0B,03,D1,0E,D2,00
95400,TX,0x101,6,C8,00,87,01,00,00,CC,CC
95400,TX,0x200,4,00,00,00,00,CC,CC,CC,CC
95600,TX,0x100,8,14,01,0B,03,D2,0E,BF,00
95600,TX,0x101,6,C4,00,87,01,00,00,CC,CC
95600,TX,0x200,4,00,00,00,00,CC,CC,CC,CC
95800,TX,0x100,8,14,01,0B,03,DC,0E,CC,00
95800,TX,0x101,6,C6,00,86,01,00,00,CC,CC
95800,TX,0x200,4,00,00,00,00,CC,CC,CC,CC
96000,TX,0x100,8,13,01,0B,03,D7,0E,B9,00
96000,TX,0x101,6,C8,00,87,01,00,00,CC,CC
96000,TX,0x200,4,00,00,00,00,CC,CC,CC,CC
96200,TX,0x100,8,13,01,0B,03,D7,0E,D5,00
96200,TX,0x101,6,C8,00,7F,01,00,00,CC,CC
96200,TX,0x200,4,00,00,00,00,CC,CC,CC,CC
96400,TX,0x100,8,13,01,0B,03,D8,0E,DF,00
96400,TX,0x101,6,C4,00,80,01,00,00,CC,CC
96400,TX,0x200,4,00,00,00,00,CC,CC,CC,CC
96600,TX,0x100,8,14,01,0B,03,D3,0E,CB,00
96600,TX,0x101,6,CA,00,81,01,00,00,CC,CC
96600,TX,0x200,4,00,00,00,00,CC,CC,CC,CC
96800,TX,0x100,8,14,01,0B,03,CD,0E,B8,00
96800,TX,0x101,6,CA,00,81,01,00,00,CC,CC
96800,TX,0x200,4,00,00,00,00,CC,CC,CC,CC
97000,TX,0x100,8,13,01,0A,03,CA,0E,D1,00
97000,TX,0x101,6,C8,00,83,01,00,00,CC,CC
97000,TX,0x200,4,00,00,00,00,CC,CC,CC,CC
97200,TX,0x100,8,14,01,0A,03,CB,0E,D7,00
97200,TX,0x101,6,C8,00,85,01,00,00,CC,CC
97200,TX,0x200,4,00,00,00,00,CC,CC,CC,CC
97400,TX,0x100,8,13,01,0A,03,D6,0E,DC,00
97400,TX,0x101,6,C8,00,7F,01,00,00,CC,CC
97400,TX,0x200,4,00,00,00,00,CC,CC,CC,CC
97600,TX,0x100,8,13,01,0A,03,D1,0E,D3,00
97600,TX,0x101,6,C7,00,7D,01,00,00,CC,CC
97600,TX,0x200,4,00,00,00,00,CC,CC,CC,CC
97800,TX,0x100,8,13,01,0A,03,D4,0E,CC,00
97800,TX,0x101,6,C7,00,7E,01,00,00,CC,CC
97800,TX,0x200,4,00,00,00,00,CC,CC,CC,CC
98000,TX,0x100,8,14,01,0A,03,D3,0E,C9,00
98000,TX,0x101,6,C6,00,79,01,00,00,CC,CC
98000,TX,0x200,4,00,00,00,00,CC,CC,CC,CC
98200,TX,0x100,8,13,01,0A,03,C9,0E,D7,00
98200,TX,0x101,6,C7,00,7D,01,00,00,CC,CC
98200,TX,0x200,4,00,00,00,00,CC,CC,CC,CC
98400,TX,0x100,8,14,01,0A,03,CB,0E,D6,00
98400,TX,0x101,6,C6,00,7B,01,00,00,CC,CC
98400,TX,0x200,4,00,00,00,00,CC,CC,CC,CC
98600,TX,0x100,8,14,01,0A,03,CD,0E,C8,00
98600,TX,0x101,6,C6,00,7C,01,00,00,CC,CC
98600,TX,0x200,4,00,00,00,00,CC,CC,CC,CC
98800,TX,0x100,8,13,01,0A,03,D4,0E,E4,00
98800,TX,0x101,6,C5,00,79,01,00,00,CC,CC
98800,TX,0x200,4,00,00,00,00,CC,CC,CC,CC
99000,TX,0x100,8,13,01,09,03,DB,0E,C5,00
99000,TX,0x101,6,C8,00,7C,01,00,00,CC,CC
99000,TX,0x200,4,00,00,00,00,CC,CC,CC,CC
99200,TX,0x100,8,13,01,09,03,D3,0E,C7,00
99200,TX,0x101,6,C8,00,72,01,00,00,CC,CC
99200,TX,0x200,4,00,00,00,00,CC,CC,CC,CC
99400,TX,0x100,8,14,01,09,03,D3,0E,CB,00
99400,TX,0x101,6,C8,00,74,01,00,00,CC,CC
99400,TX,0x200,4,00,00,00,00,CC,CC,CC,CC
99600,TX,0x100,8,14,01,09,03,D4,0E,D5,00
99600,TX,0x101,6,C7,00,6F,01,00,00,CC,CC
99600,TX,0x200,4,00,00,00,00,CC,CC,CC,CC
99800,TX,0x100,8,14,01,09,03,CC,0E,D5,00
99800,TX,0x101,6,C6,00,70,01,00,00,CC,CC
99800,TX,0x200,4,00,00,00,00,CC,CC,CC,CC
100000,TX,0x100,8,14,01,09,03,D2,0E,BD,00
100000,TX,0x101,6,C6,00,7A,01,00,00,CC,CC
100000,TX,0x200,4,00,00,00,00,CC,CC,CC,CC
100200,TX,0x100,8,14,01,09,03,D0,0E,C5,00
100200,TX,0x101,6,C8,00,73,01,00,00,CC,CC
100200,TX,0x200,4,00,00,00,00,CC,CC,CC,CC
100400,TX,0x100,8,14,01,09,03,C4,0E,CF,00
100400,TX,0x101,6,C6,00,77,01,00,00,CC,CC
100400,TX,0x200,4,00,00,00,00,CC,CC,CC,CC
100600,TX,0x100,8,13,01,09,03,CD,0E,C2,00
100600,TX,0x101,6,CA,00,72,01,00,00,CC,CC
100600,TX,0x200,4,00,00,00,00,CC,CC,CC,CC
100800,TX,0x100,8,14,01,09,03,C6,0E,D2,00
100800,TX,0x101,6,C5,00,74,01,00,00,CC,CC
100800,TX,0x200,4,00,00,00,00,CC,CC,CC,CC
101000,TX,0x100,8,13,01,08,03,D5,0E,C7,00
101000,TX,0x101,6,C8,00,73,01,00,00,CC,CC
101000,TX,0x200,4,00,00,00,00,CC,CC,CC,CC
101200,TX,0x100,8,14,01,08,03,CC,0E,C6,00
101200,TX,0x101,6,C7,00,75,01,00,00,CC,CC
101200,TX,0x200,4,00,00,00,00,CC,CC,CC,CC
101400,TX,0x100,8,13,01,08,03,CC,0E,CA,00
101400,TX,0x101,6,C9,00,73,01,00,00,CC,CC
101400,TX,0x200,4,00,00,00,00,CC,CC,CC,CC
101600,TX,0x100,8,14,01,08,03,CF,0E,C0,00
101600,TX,0x101,6,C7,00,6D,01,00,00,CC,CC
101600,TX,0x200,4,00,00,00,00,CC,CC,CC,CC
101800,TX,0x100,8,14,01,08,03,CB,0E,CE,00
101800,TX,0x101,6,C8,00,70,01,00,00,CC,CC
101800,TX,0x200,4,00,00,00,00,CC,CC,CC,CC
102000,TX,0x100,8,13,01,08,03,D5,0E,C4,00
102000,TX,0x101,6,C7,00,76,01,00,00,CC,CC
102000,TX,0x200,4,00,00,00,00,CC,CC,CC,CC
102200,TX,0x100,8,13,01,08,03,D6,0E,D0,00
102200,TX,0x101,6,C9,00,73,01,00,00,CC,CC
102200,TX,0x200,4,00,00,00,00,CC,CC,CC,CC
102400,TX,0x100,8,13,01,08,03,CB,0E,C8,00
102400,TX,0x101,6,C7,00,73,01,00,00,CC,CC
102400,TX,0x200,4,00,00,00,00,CC,CC,CC,CC
102600,TX,0x100,8,12,01,08,03,D1,0E,D0,00
102600,TX,0x101,6,C8,00,70,01,00,00,CC,CC
102600,TX,0x200,4,00,00,00,00,CC,CC,CC,CC
102800,TX,0x100,8,11,01,08,03,CD,0E,C3,00
102800,TX,0x101,6,C4,00,6D,01,00,00,CC,CC
102800,TX,0x200,4,00,00,00,00,CC,CC,CC,CC
103000,TX,0x100,8,FF,00,08,03,C8,0E,CB,00
103000,TX,0x101,6,C8,00,6D,01,00,00,CC,CC
103000,TX,0x200,4,00,00,00,00,CC,CC,CC,CC
103200,TX,0x100,8,ED,00,07,03,CD,0E,CB,00
103200,TX,0x101,6,C7,00,6D,01,00,00,CC,CC
103200,TX,0x200,4,00,00,00,00,CC,CC,CC,CC
103400,TX,0x100,8,DD,00,07,03,D0,0E,B6,00
103400,TX,0x101,6,C7,00,67,01,00,00,CC,CC
103400,TX,0x200,4,00,00,00,00,CC,CC,CC,CC
103600,TX,0x100,8,CD,00,07,03,CA,0E,D1,00
103600,TX,0x101,6,C6,00,69,01,00,00,CC,CC
103600,TX,0x200,4,00,00,00,00,CC,CC,CC,CC
103800,TX,0x100,8,BE,00,07,03,D0,0E,C4,00
103800,TX,0x101,6,C9,00,68,01,00,00,CC,CC
103800,TX,0x200,4,00,00,00,00,CC,CC,CC,CC
104000,TX,0x100,8,B0,00,07,03,CE,0E,C7,00
104000,TX,0x101,6,C9,00,6B,01,00,00,CC,CC
104000,TX,0x200,4,00,00,00,00,CC,CC,CC,CC
104200,TX,0x100,8,A3,00,07,03,C6,0E,C1,00
104200,TX,0x101,6,C9,00,66,01,00,00,CC,CC
104200,TX,0x200,4,00,00,00,00,CC,CC,CC,CC
104400,TX,0x100,8,96,00,07,03,CA,0E,CD,00
104400,TX,0x101,6,C6,00,6B,01,00,00,CC,CC
104400,TX,0x200,4,00,00,00,00,CC,CC,CC,CC
104600,TX,0x100,8,89,00,07,03,CA,0E,C3,00
104600,TX,0x101,6,C5,00,6B,01,00,00,CC,CC
104600,TX,0x200,4,00,00,00,00,CC,CC,CC,CC
104800,TX,0x100,8,7D,00,07,03,C5,0E,BD,00
104800,TX,0x101,6,CC,00,65,01,00,00,CC,CC
104800,TX,0x200,4,00,00,00,00,CC,CC,CC,CC
105000,TX,0x100,8,73,00,07,03,CF,0E,C8,00
105000,TX,0x101,6,C9,00,65,01,00,00,CC,CC
105000,TX,0x200,4,00,00,00,00,CC,CC,CC,CC
105200,TX,0x100,8,68,00,06,03,CB,0E,BC,00
105200,TX,0x101,6,C8,00,69,01,00,00,CC,CC
105200,TX,0x200,4,00,00,00,00,CC,CC,CC,CC
105400,TX,0x100,8,5E,00,06,03,D4,0E,CD,00
105400,TX,0x101,6,C8,00,62,01,00,00,CC,CC
105400,TX,0x200,4,00,00,02,02,CC,CC,CC,CC
105600,TX,0x100,8,55,00,05,03,C9,0E,B9,00
105600,TX,0x101,6,C7,00,63,01,00,00,CC,CC
105600,TX,0x200,4,00,00,02,02,CC,CC,CC,CC
105800,TX,0x100,8,4C,00,05,03,BD,0E,CB,00
105800,TX,0x101,6,C9,00,67,01,00,00,CC,CC
105800,TX,0x200,4,00,00,02,02,CC,CC,CC,CC
106000,TX,0x100,8,43,00,04,03,CA,0E,BE,00
106000,TX,0x101,6,C5,00,6A,01,00,00,CC,CC
106000,TX,0x200,4,00,00,02,02,CC,CC,CC,CC
106200,TX,0x100,8,3B,00,04,03,C8,0E,DD,00
106200,TX,0x101,6,C7,00,69,01,00,00,CC,CC
106200,TX,0x200,4,00,00,02,02,CC,CC,CC,CC
106400,TX,0x100,8,33,00,03,03,C3,0E,BB,00
106400,TX,0x101,6,CA,00,61,01,00,00,CC,CC
106400,TX,0x200,4,00,00,02,02,CC,CC,CC,CC
106600,TX,0x100,8,2C,00,03,03,C8,0E,C0,00
106600,TX,0x101,6,C7,00,5E,01,00,00,CC,CC
106600,TX,0x200,4,00,00,02,02,CC,CC,CC,CC
106800,TX,0x100,8,25,00,02,03,CA,0E,D4,00
106800,TX,0x101,6,C6,00,60,01,00,00,CC,CC
106800,TX,0x200,4,00,00,02,02,CC,CC,CC,CC
107000,TX,0x100,8,1E,00,02,03,C6,0E,B4,00
107000,TX,0x101,6,C9,00,63,01,00,00,CC,CC
107000,TX,0x200,4,00,00,02,02,CC,CC,CC,CC
107200,TX,0x100,8,19,00,01,03,C8,0E,CD,00
107200,TX,0x101,6,C7,00,67,01,00,00,CC,CC
107200,TX,0x200,4,00,00,02,02,CC,CC,CC,CC
107400,TX,0x100,8,12,00,00,03,D0,0E,CF,00
107400,TX,0x101,6,C9,00,5E,01,00,00,CC,CC
107400,TX,0x200,4,00,00,02,02,CC,CC,CC,CC
107600,TX,0x100,8,0D,00,00,03,C6,0E,CD,00
107600,TX,0x101,6,C7,00,63,01,00,00,CC,CC
107600,TX,0x200,4,00,00,02,02,CC,CC,CC,CC
107800,TX,0x100,8,07,00,FF,02,C9,0E,CD,00
107800,TX,0x101,6,C7,00,61,01,00,00,CC,CC
107800,TX,0x200,4,00,00,02,02,CC,CC,CC,CC
108000,TX,0x100,8,06,00,FF,02,C8,0E,E9,00
108000,TX,0x101,6,CA,00,5E,01,00,00,CC,CC
108000,TX,0x200,4,00,00,02,02,CC,CC,CC,CC
108200,TX,0x100,8,03,00,FE,02,C7,0E,FA,00
108200,TX,0x101,6,CA,00,65,01,00,00,CC,CC
108200,TX,0x200,4,00,00,02,02,CC,CC,CC,CC
108400,TX,0x100,8,01,00,FD,02,CB,0E,25,01
108400,TX,0x101,6,C8,00,5E,01,00,00,CC,CC
108400,TX,0x200,4,00,00,02,02,CC,CC,CC,CC
108600,TX,0x100,8,00,00,FD,02,C1,0E,2D,01
108600,TX,0x101,6,CA,00,61,01,00,00,CC,CC
108600,TX,0x200,4,00,00,02,02,CC,CC,CC,CC
108800,TX,0x100,8,FE,FF,FC,02,CE,0E,3A,01
108800,TX,0x101,6,C7,00,5F,01,00,00,CC,CC
108800,TX,0x200,4,00,00,02,02,CC,CC,CC,CC
109000,TX,0x100,8,FE,FF,FB,02,CA,0E,3F,01
109000,TX,0x101,6,C8,00,5C,01,00,00,CC,CC
109000,TX,0x200,4,00,00,02,02,CC,CC,CC,CC
109200,TX,0x100,8,FD,FF,FB,02,BC,0E,72,01
109200,TX,0x101,6,CB,00,5D,01,00,00,CC,CC
109200,TX,0x200,4,00,00,02,02,CC,CC,CC,CC
109400,TX,0x100,8,FB,FF,FA,02,C3,0E,7E,01
109400,TX,0x101,6,C9,00,61,01,00,00,CC,CC
109400,TX,0x200,4,00,00,02,02,CC,CC,CC,CC
109600,TX,0x100,8,F9,FF,F9,02,C7,0E,87,01
109600,TX,0x101,6,C8,00,5B,01,00,00,CC,CC
109600,TX,0x200,4,00,00,02,02,CC,CC,CC,CC
109800,TX,0x100,8,F8,FF,F9,02,BE,0E,96,01
109800,TX,0x101,6,C8,00,5D,01,00,00,CC,CC
109800,TX,0x200,4,00,00,02,02,CC,CC,CC,CC
110000,TX,0x100,8,F8,FF,F8,02,C7,0E,94,01
110000,TX,0x101,6,C9,00,59,01,00,00,CC,CC
110000,TX,0x200,4,00,00,02,02,CC,CC,CC,CC
110200,TX,0x100,8,F7,FF,F7,02,C3,0E,B8,01
110200,TX,0x101,6,C9,00,56,01,00,00,CC,CC
110200,TX,0x200,4,00,00,02,02,CC,CC,CC,CC
110400,TX,0x100,8,F6,FF,F6,02,C4,0E,B2,01
110400,TX,0x101,6,C7,00,5C,01,00,00,CC,CC
110400,TX,0x200,4,00,00,02,02,CC,CC,CC,CC
110600,TX,0x100,8,F4,FF,F5,02,CA,0E,B5,01
110600,TX,0x101,6,C7,00,5E,01,00,00,CC,CC
110600,TX,0x200,4,00,00,02,02,CC,CC,CC,CC
110800,TX,0x100,8,F4,FF,F5,02,BE,0E,CE,01
110800,TX,0x101,6,C6,00,5C,01,00,00,CC,CC
110800,TX,0x200,4,00,00,02,02,CC,CC,CC,CC
111000,TX,0x100,8,F3,FF,F4,02,C6,0E,C2,01
111000,TX,0x101,6,C8,00,56,01,00,00,CC,CC
111000,TX,0x200,4,00,00,02,02,CC,CC,CC,CC
111200,TX,0x100,8,F2,FF,F3,02,BB,0E,E1,01
111200,TX,0x101,6,C6,00,5E,01,00,00,CC,CC
111200,TX,0x200,4,00,00,02,02,CC,CC,CC,CC
111400,TX,0x100,8,F1,FF,F2,02,BD,0E,E8,01
111400,TX,0x101,6,CB,00,5A,01,00,00,CC,CC
111400,TX,0x200,4,00,00,02,02,CC,CC,CC,CC
111600,TX,0x100,8,F1,FF,F1,02,CD,0E,E8,01
111600,TX,0x101,6,C7,00,59,01,00,00,CC,CC
111600,TX,0x200,4,00,00,02,02,CC,CC,CC,CC
111800,TX,0x100,8,F0,FF,F1,02,CC,0E,E9,01
111800,TX,0x101,6,C8,00,5A,01,00,00,CC,CC
111800,TX,0x200,4,00,00,02,02,CC,CC,CC,CC
112000,TX,0x100,8,F0,FF,F0,02,B7,0E,07,02
112000,TX,0x101,6,C8,00,5D,01,00,00,CC,CC
112000,TX,0x200,4,00,00,02,02,CC,CC,CC,CC
112200,TX,0x100,8,EF,FF,EF,02,BD,0E,F5,01
112200,TX,0x101,6,CA,00,59,01,00,00,CC,CC
112200,TX,0x200,4,00,00,02,02,CC,CC,CC,CC
112400,TX,0x100,8,EF,FF,EE,02,B8,0E,F3,01
112400,TX,0x101,6,C8,00,5C,01,00,00,CC,CC
112400,TX,0x200,4,00,00,02,02,CC,CC,CC,CC
112600,TX,0x100,8,EF,FF,ED,02,C4,0E,10,02
112600,TX,0x101,6,C7,00,5A,01,00,00,CC,CC
112600,TX,0x200,4,00,00,02,02,CC,CC,CC,CC
112800,TX,0x100,8,EE,FF,EC,02,C7,0E,05,02
112800,TX,0x101,6,C7,00,5E,01,00,00,CC,CC
112800,TX,0x200,4,00,00,02,02,CC,CC,CC,CC
113000,TX,0x100,8,EF,FF,EC,02,B2,0E,07,02
113000,TX,0x101,6,C6,00,5D,01,00,00,CC,CC
113000,TX,0x200,4,00,00,02,02,CC,CC,CC,CC
113200,TX,0x100,8,ED,FF,EB,02,BB,0E,FB,01
113200,TX,0x101,6,C4,00,5B,01,00,00,CC,CC
113200,TX,0x200,4,00,00,02,02,CC,CC,CC,CC
113400,TX,0x100,8,ED,FF,EA,02,BD,0E,0D,02
113400,TX,0x101,6,C5,00,5B,01,00,00,CC,CC
113400,TX,0x200,4,00,00,02,02,CC,CC,CC,CC
113600,TX,0x100,8,ED,FF,E9,02,BE,0E,08,02
113600,TX,0x101,6,C9,00,5E,01,00,00,CC,CC
113600,TX,0x200,4,00,00,02,02,CC,CC,CC,CC
113800,TX,0x100,8,ED,FF,E8,02,C3,0E,07,02
113800,TX,0x101,6,C5,00,5B,01,00,00,CC,CC
113800,TX,0x200,4,00,00,02,02,CC,CC,CC,CC
114000,TX,0x100,8,ED,FF,E7,02,C1,0E,0D,02
114000,TX,0x101,6,C8,00,5E,01,00,00,CC,CC
114000,TX,0x200,4,00,00,02,02,CC,CC,CC,CC
114200,TX,0x100,8,F2,FF,E6,02,C5,0E,30,02
114200,TX,0x101,6,C6,00,58,01,00,00,CC,CC
114200,TX,0x200,4,00,00,02,02,CC,CC,CC,CC
114400,TX,0x100,8,F7,FF,E6,02,BB,0E,50,02
114400,TX,0x101,6,C8,00,5C,01,00,00,CC,CC
114400,TX,0x200,4,00,00,02,02,CC,CC,CC,CC
114600,TX,0x100,8,FD,FF,E5,02,C0,0E,55,02
114600,TX,0x101,6,C6,00,5A,01,00,00,CC,CC
114600,TX,0x200,4,00,00,02,02,CC,CC,CC,CC
114800,TX,0x100,8,02,00,E4,02,BE,0E,5F,02
114800,TX,0x101,6,C6,00,5E,01,00,00,CC,CC
114800,TX,0x200,4,00,00,02,02,CC,CC,CC,CC
115000,TX,0x100,8,06,00,E3,02,BE,0E,72,02
115000,TX,0x101,6,CD,00,5D,01,00,00,CC,CC
115000,TX,0x200,4,00,00,02,02,CC,CC,CC,CC
115200,TX,0x100,8,0A,00,E2,02,AF,0E,77,02
115200,TX,0x101,6,CA,00,60,01,00,00,CC,CC
115200,TX,0x200,4,00,00,02,02,CC,CC,CC,CC
115400,TX,0x100,8,0F,00,E1,02,B6,0E,93,02
115400,TX,0x101,6,C9,00,61,01,00,00,CC,CC
115400,TX,0x200,4,00,00,02,02,CC,CC,CC,CC
115600,TX,0x100,8,13,00,E0,02,BF,0E,AB,02
115600,TX,0x101,6,C5,00,5B,01,00,00,CC,CC
115600,TX,0x200,4,00,00,02,02,CC,CC,CC,CC
115800,TX,0x100,8,17,00,DF,02,B9,0E,A0,02
115800,TX,0x101,6,C5,00,5D,01,00,00,CC,CC
115800,TX,0x200,4,00,00,02,02,CC,CC,CC,CC
116000,TX,0x100,8,1B,00,DE,02,C1,0E,B9,02
116000,TX,0x101,6,C9,00,5B,01,00,00,CC,CC
116000,TX,0x200,4,00,00,02,02,CC,CC,CC,CC
116200,TX,0x100,8,1F,00,DD,02,BA,0E,C3,02
116200,TX,0x101,6,C9,00,5F,01,00,00,CC,CC
116200,TX,0x200,4,00,00,02,02,CC,CC,CC,CC
116400,TX,0x100,8,23,00,DC,02,B4,0E,D0,02
116400,TX,0x101,6,C9,00,5F,01,00,00,CC,CC
116400,TX,0x200,4,00,00,02,02,CC,CC,CC,CC
116600,TX,0x100,8,25,00,DC,02,AB,0E,D3,02
116600,TX,0x101,6,CA,00,61,01,00,00,CC,CC
116600,TX,0x200,4,00,00,02,02,CC,CC,CC,CC
116800,TX,0x100,8,29,00,DB,02,B5,0E,D7,02
116800,TX,0x101,6,C8,00,5C,01,00,00,CC,CC
116800,TX,0x200,4,00,00,02,02,CC,CC,CC,CC
117000,TX,0x100,8,2C,00,DA,02,AC,0E,EC,02
117000,TX,0x101,6,C9,00,64,01,00,00,CC,CC
117000,TX,0x200,4,00,00,02,02,CC,CC,CC,CC
117200,TX,0x100,8,2F,00,D9,02,B3,0E,07,03
117200,TX,0x101,6,C9,00,66,01,00,00,CC,CC
117200,TX,0x200,4,00,00,02,02,CC,CC,CC,CC
117400,TX,0x100,8,31,00,D8,02,B8,0E,E6,02
117400,TX,0x101,6,C8,00,5C,01,00,00,CC,CC
117400,TX,0x200,4,00,00,02,02,CC,CC,CC,CC
117600,TX,0x100,8,34,00,D7,02,B0,0E,18,03
117600,TX,0x101,6,C9,00,62,01,00,00,CC,CC
117600,TX,0x200,4,00,00,02,02,CC,CC,CC,CC
117800,TX,0x100,8,37,00,D6,02,B6,0E,03,03
117800,TX,0x101,6,C6,00,64,01,00,00,CC,CC
117800,TX,0x200,4,00,00,02,02,CC,CC,CC,CC
118000,TX,0x100,8,39,00,D5,02,B1,0E,14,03
118000,TX,0x101,6,C7,00,66,01,00,00,CC,CC
118000,TX,0x200,4,00,00,02,02,CC,CC,CC,CC
118200,TX,0x100,8,3C,00,D4,02,B0,0E,11,03
118200,TX,0x101,6,CA,00,61,01,00,00,CC,CC
118200,TX,0x200,4,00,00,02,02,CC,CC,CC,CC
118400,TX,0x100,8,3E,00,D3,02,B3,0E,1F,03
118400,TX,0x101,6,C8,00,66,01,00,00,CC,CC
118400,TX,0x200,4,00,00,02,02,CC,CC,CC,CC
118600,TX,0x100,8,40,00,D2,02,B1,0E,17,03
118600,TX,0x101,6,C9,00,65,01,00,00,CC,CC
118600,TX,0x200,4,00,00,02,02,CC,CC,CC,CC
118800,TX,0x100,8,42,00,D1,02,AF,0E,15,03
118800,TX,0x101,6,C9,00,64,01,00,00,CC,CC
118800,TX,0x200,4,00,00,02,02,CC,CC,CC,CC
119000,TX,0x100,8,44,00,D0,02,B0,0E,0D,03
119000,TX,0x101,6,C9,00,6A,01,00,00,CC,CC
119000,TX,0x200,4,00,00,02,02,CC,CC,CC,CC
119200,TX,0x100,8,46,00,CF,02,B3,0E,29,03
119200,TX,0x101,6,C9,00,69,01,00,00,CC,CC
119200,TX,0x200,4,00,00,02,02,CC,CC,CC,CC
119400,TX,0x100,8,48,00,CE,02,AC,0E,26,03
119400,TX,0x101,6,C9,00,6B,01,00,00,CC,CC
119400,TX,0x200,4,00,00,02,02,CC,CC,CC,CC
119600,TX,0x100,8,49,00,CD,02,A7,0E,22,03
119600,TX,0x101,6,C7,00,6E,01,00,00,CC,CC
119600,TX,0x200,4,00,00,02,02,CC,CC,CC,CC
119800,TX,0x100,8,4B,00,CC,02,AB,0E,16,03
119800,TX,0x101,6,C6,00,6C,01,00,00,CC,CC
119800,TX,0x200,4,00,00,02,02,CC,CC,CC,CC
120000,TX,0x100,8,4D,00,CB,02,B9,0E,20,03
120000,TX,0x101,6,C6,00,6C,01,00,00,CC,CC
120000,TX,0x200,4,00,00,02,02,CC,CC,CC,CC
120200,TX,0x100,8,4E,00,CA,02,B1,0E,30,03
120200,TX,0x101,6,C9,00,6D,01,00,00,CC,CC
120200,TX,0x200,4,00,00,02,02,CC,CC,CC,CC
120400,TX,0x100,8,55,00,C9,02,B2,0E,36,03
120400,TX,0x101,6,CC,00,6C,01,00,00,CC,CC
120400,TX,0x200,4,00,00,02,02,CC,CC,CC,CC
120600,TX,0x100,8,5C,00,C9,02,AB,0E,50,03
120600,TX,0x101,6,C5,00,6F,01,00,00,CC,CC
120600,TX,0x200,4,00,00,02,02,CC,CC,CC,CC
120800,TX,0x100,8,62,00,C8,02,A8,0E,59,03
120800,TX,0x101,6,C7,00,6D,01,00,00,CC,CC
120800,TX,0x200,4,00,00,02,02,CC,CC,CC,CC
121000,TX,0x100,8,68,00,C7,02,A4,0E,68,03
121000,TX,0x101,6,C7,00,74,01,00,00,CC,CC
121000,TX,0x200,4,00,00,02,02,CC,CC,CC,CC
121200,TX,0x100,8,6D,00,C6,02,B1,0E,6C,03
121200,TX,0x101,6,C5,00,71,01,00,00,CC,CC
121200,TX,0x200,4,00,00,02,02,CC,CC,CC,CC
121400,TX,0x100,8,73,00,C5,02,A8,0E,6E,03
121400,TX,0x101,6,C5,00,78,01,00,00,CC,CC
121400,TX,0x200,4,00,00,02,02,CC,CC,CC,CC
121600,TX,0x100,8,78,00,C4,02,AA,0E,6B,03
121600,TX,0x101,6,CB,00,74,01,00,00,CC,CC
121600,TX,0x200,4,00,00,02,02,CC,CC,CC,CC
121800,TX,0x100,8,7D,00,C3,02,AA,0E,7C,03
121800,TX,0x101,6,C8,00,76,01,00,00,CC,CC
121800,TX,0x200,4,00,00,02,02,CC,CC,CC,CC
122000,TX,0x100,8,82,00,C2,02,A0,0E,A0,03
122000,TX,0x101,6,C7,00,79,01,00,00,CC,CC
122000,TX,0x200,4,00,00,02,02,CC,CC,CC,CC
122200,TX,0x100,8,87,00,C2,02,A7,0E,91,03
122200,TX,0x101,6,C5,00,78,01,00,00,CC,CC
122200,TX,0x200,4,00,00,02,02,CC,CC,CC,CC
122400,TX,0x100,8,8B,00,C1,02,A9,0E,9F,03
122400,TX,0x101,6,C9,00,7A,01,00,00,CC,CC
122400,TX,0x200,4,00,00,02,02,CC,CC,CC,CC
122600,TX,0x100,8,90,00,C1,02,A7,0E,BA,03
122600,TX,0x101,6,C6,00,7A,01,00,00,CC,CC
122600,TX,0x200,4,00,00,02,02,CC,CC,CC,CC
122800,TX,0x100,8,93,00,C0,02,A3,0E,AC,03
122800,TX,0x101,6,C8,00,76,01,00,00,CC,CC
122800,TX,0x200,4,00,00,02,02,CC,CC,CC,CC
123000,TX,0x100,8,97,00,BF,02,B1,0E,AD,03
123000,TX,0x101,6,C6,00,78,01,00,00,CC,CC
123000,TX,0x200,4,00,00,00,00,CC,CC,CC,CC
123200,TX,0x100,8,9B,00,BF,02,A7,0E,AD,03
123200,TX,0x101,6,CA,00,7D,01,00,00,CC,CC
123200,TX,0x200,4,00,00,00,00,CC,CC,CC,CC
123400,TX,0x100,8,9E,00,BE,02,A8,0E,B8,03
123400,TX,0x101,6,CA,00,82,01,00,00,CC,CC
123400,TX,0x200,4,00,00,00,00,CC,CC,CC,CC
123600,TX,0x100,8,A1,00,BD,02,A7,0E,C6,03
123600,TX,0x101,6,C6,00,7E,01,00,00,CC,CC
123600,TX,0x200,4,00,00,00,00,CC,CC,CC,CC
123800,TX,0x100,8,A4,00,BD,02,A2,0E,C3,03
123800,TX,0x101,6,C9,00,7D,01,00,00,CC,CC
123800,TX,0x200,4,00,00,00,00,CC,CC,CC,CC
124000,TX,0x100,8,A8,00,BC,02,A4,0E,C9,03
124000,TX,0x101,6,C5,00,87,01,00,00,CC,CC
124000,TX,0x200,4,00,00,00,00,CC,CC,CC,CC
124200,TX,0x100,8,AA,00,BB,02,A0,0E,CE,03
124200,TX,0x101,6,CB,00,85,01,00,00,CC,CC
124200,TX,0x200,4,00,00,00,00,CC,CC,CC,CC
124400,TX,0x100,8,AD,00,BB,02,A4,0E,D8,03
124400,TX,0x101,6,C9,00,85,01,00,00,CC,CC
124400,TX,0x200,4,00,00,00,00,CC,CC,CC,CC
124600,TX,0x100,8,AF,00,BA,02,A9,0E,CA,03
124600,TX,0x101,6,C9,00,8B,01,00,00,CC,CC
124600,TX,0x200,4,00,00,00,00,CC,CC,CC,CC
124800,TX,0x100,8,B2,00,B9,02,9C,0E,E9,03
124800,TX,0x101,6,C4,00,85,01,00,00,CC,CC
124800,TX,0x200,4,00,00,00,00,CC,CC,CC,CC
125000,TX,0x100,8,B4,00,B9,02,A4,0E,CE,03
125000,TX,0x101,6,C8,00,8C,01,00,00,CC,CC
125000,TX,0x200,4,00,00,00,00,CC,CC,CC,CC
125200,TX,0x100,8,B7,00,B8,02,9C,0E,D8,03
125200,TX,0x101,6,CA,00,90,01,00,00,CC,CC
125200,TX,0x200,4,00,00,00,00,CC,CC,CC,CC
125400,TX,0x100,8,B9,00,B7,02,A4,0E,CA,03
125400,TX,0x101,6,C7,00,92,01,00,00,CC,CC
125400,TX,0x200,4,00,00,00,00,CC,CC,CC,CC
125600,TX,0x100,8,BB,00,B7,02,92,0E,71,03
125600,TX,0x101,6,C9,00,8C,01,00,00,CC,CC
125600,TX,0x200,4,00,00,00,00,CC,CC,CC,CC
125800,TX,0x100,8,BD,00,B6,02,A2,0E,F5,02
125800,TX,0x101,6,C9,00,98,01,00,00,CC,CC
125800,TX,0x200,4,00,00,00,00,CC,CC,CC,CC
126000,TX,0x100,8,BF,00,B6,02,9E,0E,AC,02
126000,TX,0x101,6,C7,00,95,01,00,00,CC,CC
126000,TX,0x200,4,00,00,00,00,CC,CC,CC,CC
126200,TX,0x100,8,C0,00,B5,02,96,0E,63,02
126200,TX,0x101,6,C7,00,96,01,00,00,CC,CC
126200,TX,0x200,4,00,00,00,00,CC,CC,CC,CC
126400,TX,0x100,8,C1,00,B5,02,9C,0E,1F,02
126400,TX,0x101,6,C7,00,96,01,00,00,CC,CC
126400,TX,0x200,4,00,00,00,00,CC,CC,CC,CC
126600,TX,0x100,8,C2,00,B5,02,93,0E,FC,01
126600,TX,0x101,6,CB,00,97,01,00,00,CC,CC
126600,TX,0x200,4,00,00,00,00,CC,CC,CC,CC
126800,TX,0x100,8,C4,00,B4,02,9D,0E,B3,01
126800,TX,0x101,6,C9,00,99,01,00,00,CC,CC
126800,TX,0x200,4,00,00,00,00,CC,CC,CC,CC
127000,TX,0x100,8,C4,00,B4,02,8C,0E,A0,01
127000,TX,0x101,6,CB,00,97,01,00,00,CC,CC
127000,TX,0x200,4,00,00,00,00,CC,CC,CC,CC
127200,TX,0x100,8,C6,00,B4,02,99,0E,7D,01
127200,TX,0x101,6,C5,00,9F,01,00,00,CC,CC
127200,TX,0x200,4,00,00,00,00,CC,CC,CC,CC
127400,TX,0x100,8,C7,00,B4,02,9E,0E,56,01
127400,TX,0x101,6,C6,00,A3,01,00,00,CC,CC
127400,TX,0x200,4,00,00,00,00,CC,CC,CC,CC
127600,TX,0x100,8,C7,00,B4,02,94,0E,42,01
127600,TX,0x101,6,C7,00,A8,01,00,00,CC,CC
127600,TX,0x200,4,00,00,00,00,CC,CC,CC,CC
127800,TX,0x100,8,C9,00,B3,02,93,0E,29,01
127800,TX,0x101,6,CA,00,A0,01,00,00,CC,CC
127800,TX,0x200,4,00,00,00,00,CC,CC,CC,CC
128000,TX,0x100,8,C8,00,B3,02,9C,0E,28,01
128000,TX,0x101,6,C9,00,A8,01,00,00,CC,CC
128000,TX,0x200,4,00,00,00,00,CC,CC,CC,CC
128200,TX,0x100,8,CA,00,B3,02,9E,0E,23,01
128200,TX,0x101,6,C6,00,A7,01,00,00,CC,CC
128200,TX,0x200,4,00,00,00,00,CC,CC,CC,CC
128400,TX,0x100,8,CB,00,B3,02,A0,0E,0B,01
128400,TX,0x101,6,C6,00,A2,01,00,00,CC,CC
128400,TX,0x200,4,00,00,00,00,CC,CC,CC,CC
128600,TX,0x100,8,CA,00,B3,02,9C,0E,0B,01
128600,TX,0x101,6,C4,00,A2,01,00,00,CC,CC
128600,TX,0x200,4,00,00,00,00,CC,CC,CC,CC
128800,TX,0x100,8,CC,00,B3,02,90,0E,F9,00
128800,TX,0x101,6,C5,00,A6,01,00,00,CC,CC
128800,TX,0x200,4,00,00,00,00,CC,CC,CC,CC
129000,TX,0x100,8,CC,00,B2,02,94,0E,E9,00
129000,TX,0x101,6,C8,00,A6,01,00,00,CC,CC
129000,TX,0x200,4,00,00,00,00,CC,CC,CC,CC
129200,TX,0x100,8,CC,00,B2,02,99,0E,F2,00
129200,TX,0x101,6,C8,00,A9,01,00,00,CC,CC
129200,TX,0x200,4,00,00,00,00,CC,CC,CC,CC
129400,TX,0x100,8,CC,00,B2,02,9C,0E,EC,00
129400,TX,0x101,6,C8,00,AE,01,00,00,CC,CC
129400,TX,0x200,4,00,00,00,00,CC,CC,CC,CC
129600,TX,0x100,8,CD,00,B2,02,9C,0E,E9,00
129600,TX,0x101,6,C9,00,A7,01,00,00,CC,CC
129600,TX,0x200,4,00,00,00,00,CC,CC,CC,CC
129800,TX,0x100,8,CD,00,B2,02,96,0E,CB,00
129800,TX,0x101,6,CA,00,AF,01,00,00,CC,CC
129800,TX,0x200,4,00,00,00,00,CC,CC,CC,CC
130000,TX,0x100,8,CD,00,B2,02,98,0E,D1,00
130000,TX,0x101,6,CA,00,A6,01,00,00,CC,CC
130000,TX,0x200,4,00,00,00,00,CC,CC,CC,CC
130200,TX,0x100,8,CE,00,B2,02,8E,0E,DA,00
130200,TX,0x101,6,C6,00,B2,01,00,00,CC,CC
130200,TX,0x200,4,00,00,00,00,CC,CC,CC,CC
130400,TX,0x100,8,CE,00,B2,02,98,0E,D0,00
130400,TX,0x101,6,C8,00,AE,01,00,00,CC,CC
130400,TX,0x200,4,00,00,00,00,CC,CC,CC,CC
130600,TX,0x100,8,CE,00,B2,02,9B,0E,C9,00
130600,TX,0x101,6,C8,00,B0,01,00,00,CC,CC
130600,TX,0x200,4,00,00,00,00,CC,CC,CC,CC
130800,TX,0x100,8,CE,00,B1,02,9E,0E,D4,00
130800,TX,0x101,6,C8,00,AC,01,00,00,CC,CC
130800,TX,0x200,4,00,00,00,00,CC,CC,CC,CC
131000,TX,0x100,8,CF,00,B1,02,97,0E,DA,00
131000,TX,0x101,6,C9,00,B2,01,00,00,CC,CC
131000,TX,0x200,4,00,00,00,00,CC,CC,CC,CC
131200,TX,0x100,8,CF,00,B1,02,93,0E,D6,00
131200,TX,0x101,6,CA,00,B2,01,00,00,CC,CC
131200,TX,0x200,4,00,00,00,00,CC,CC,CC,CC
131400,TX,0x100,8,CF,00,B1,02,91,0E,DA,00
131400,TX,0x101,6,C4,00,AC,01,00,00,CC,CC
131400,TX,0x200,4,00,00,00,00,CC,CC,CC,CC
131600,TX,0x100,8,CE,00,B1,02,9D,0E,DE,00
131600,TX,0x101,6,C6,00,B3,01,00,00,CC,CC
131600,TX,0x200,4,00,00,00,00,CC,CC,CC,CC
131800,TX,0x100,8,CF,00,B1,02,A3,0E,C5,00
131800,TX,0x101,6,CA,00,B4,01,00,00,CC,CC
131800,TX,0x200,4,00,00,00,00,CC,CC,CC,CC
132000,TX,0x100,8,CF,00,B1,02,96,0E,B9,00
132000,TX,0x101,6,C6,00,AE,01,00,00,CC,CC
132000,TX,0x200,4,00,00,00,00,CC,CC,CC,CC
132200,TX,0x100,8,CF,00,B1,02,9A,0E,D4,00
132200,TX,0x101,6,CA,00,B1,01,00,00,CC,CC
132200,TX,0x200,4,00,00,00,00,CC,CC,CC,CC
132400,TX,0x100,8,CF,00,B1,02,97,0E,C4,00
132400,TX,0x101,6,C7,00,B7,01,00,00,CC,CC
132400,TX,0x200,4,00,00,00,00,CC,CC,CC,CC
132600,TX,0x100,8,CF,00,B1,02,97,0E,C3,00
132600,TX,0x101,6,C8,00,B2,01,00,00,CC,CC
132600,TX,0x200,4,00,00,00,00,CC,CC,CC,CC
132800,TX,0x100,8,D0,00,B1,02,90,0E,D5,00
132800,TX,0x101,6,C7,00,B6,01,00,00,CC,CC
132800,TX,0x200,4,00,00,00,00,CC,CC,CC,CC
133000,TX,0x100,8,CF,00,B0,02,90,0E,AD,00
133000,TX,0x101,6,C7,00,AF,01,00,00,CC,CC
133000,TX,0x200,4,00,00,00,00,CC,CC,CC,CC
133200,TX,0x100,8,CF,00,B0,02,8E,0E,AE,00
133200,TX,0x101,6,C8,00,B1,01,00,00,CC,CC
133200,TX,0x200,4,00,00,00,00,CC,CC,CC,CC
133400,TX,0x100,8,CF,00,B0,02,91,0E,CE,00
133400,TX,0x101,6,C9,00,B5,01,00,00,CC,CC
133400,TX,0x200,4,00,00,00,00,CC,CC,CC,CC
133600,TX,0x100,8,CF,00,B0,02,8F,0E,DA,00
133600,TX,0x101,6,C9,00,B7,01,00,00,CC,CC
133600,TX,0x200,4,00,00,00,00,CC,CC,CC,CC
133800,TX,0x100,8,D0,00,B0,02,8C,0E,CB,00
133800,TX,0x101,6,C5,00,B6,01,00,00,CC,CC
133800,TX,0x200,4,00,00,00,00,CC,CC,CC,CC
134000,TX,0x100,8,CF,00,B0,02,94,0E,CA,00
134000,TX,0x101,6,C8,00,BE,01,00,00,CC,CC
134000,TX,0x200,4,00,00,00,00,CC,CC,CC,CC
134200,TX,0x100,8,CF,00,B0,02,99,0E,C2,00
134200,TX,0x101,6,C8,00,B8,01,00,00,CC,CC
134200,TX,0x200,4,00,00,00,00,CC,CC,CC,CC
134400,TX,0x100,8,CF,00,B0,02,90,0E,D8,00
134400,TX,0x101,6,C7,00,BA,01,00,00,CC,CC
134400,TX,0x200,4,00,00,00,00,CC,CC,CC,CC
134600,TX,0x100,8,CF,00,B0,02,8A,0E,C4,00
134600,TX,0x101,6,C9,00,BB,01,00,00,CC,CC
134600,TX,0x200,4,00,00,00,00,CC,CC,CC,CC
134800,TX,0x100,8,CF,00,B0,02,93,0E,C9,00
134800,TX,0x101,6,C9,00,B8,01,00,00,CC,CC
134800,TX,0x200,4,00,00,00,00,CC,CC,CC,CC
135000,TX,0x100,8,CF,00,AF,02,91,0E,BE,00
135000,TX,0x101,6,C9,00,B8,01,00,00,CC,CC
135000,TX,0x200,4,00,00,00,00,CC,CC,CC,CC
135200,TX,0x100,8,CF,00,AF,02,9A,0E,C9,00
135200,TX,0x101,6,C7,00,B5,01,00,00,CC,CC
135200,TX,0x200,4,00,00,00,00,CC,CC,CC,CC
135400,TX,0x100,8,CF,00,AF,02,90,0E,CC,00
135400,TX,0x101,6,CC,00,B4,01,00,00,CC,CC
135400,TX,0x200,4,00,00,00,00,CC,CC,CC,CC
135600,TX,0x100,8,CF,00,AF,02,98,0E,C2,00
135600,TX,0x101,6,C8,00,B8,01,00,00,CC,CC
135600,TX,0x200,4,00,00,00,00,CC,CC,CC,CC
135800,TX,0x100,8,CF,00,AF,02,95,0E,C3,00
135800,TX,0x101,6,CC,00,B6,01,00,00,CC,CC
135800,TX,0x200,4,00,00,00,00,CC,CC,CC,CC
136000,TX,0x100,8,CF,00,AF,02,8F,0E,D0,00
136000,TX,0x101,6,C5,00,BD,01,00,00,CC,CC
136000,TX,0x200,4,00,00,00,00,CC,CC,CC,CC
136200,TX,0x100,8,CF,00,AF,02,93,0E,BF,00
136200,TX,0x101,6,C9,00,BA,01,00,00,CC,CC
136200,TX,0x200,4,00,00,00,00,CC,CC,CC,CC
136400,TX,0x100,8,CF,00,AF,02,8E,0E,D0,00
136400,TX,0x101,6,CB,00,B7,01,00,00,CC,CC
136400,TX,0x200,4,00,00,00,00,CC,CC,CC,CC
136600,TX,0x100,8,CF,00,AF,02,93,0E,DD,00
136600,TX,0x101,6,CA,00,BB,01,00,00,CC,CC
136600,TX,0x200,4,00,00,00,00,CC,CC,CC,CC
136800,TX,0x100,8,CF,00,AF,02,87,0E,CA,00
136800,TX,0x101,6,C9,00,BF,01,00,00,CC,CC
136800,TX,0x200,4,00,00,00,00,CC,CC,CC,CC
137000,TX,0x100,8,CE,00,AE,02,9A,0E,C3,00
137000,TX,0x101,6,C7,00,BC,01,00,00,CC,CC
137000,TX,0x200,4,00,00,00,00,CC,CC,CC,CC
137200,TX,0x100,8,CE,00,AE,02,95,0E,CA,00
137200,TX,0x101,6,CA,00,B9,01,00,00,CC,CC
137200,TX,0x200,4,00,00,00,00,CC,CC,CC,CC
137400,TX,0x100,8,CE,00,AE,02,90,0E,C4,00
137400,TX,0x101,6,CA,00,B6,01,00,00,CC,CC
137400,TX,0x200,4,00,00,00,00,CC,CC,CC,CC
137600,TX,0x100,8,CE,00,AE,02,8B,0E,C3,00
137600,TX,0x101,6,C5,00,B8,01,00,00,CC,CC
137600,TX,0x200,4,00,00,00,00,CC,CC,CC,CC
137800,TX,0x100,8,CE,00,AE,02,8F,0E,D6,00
137800,TX,0x101,6,C7,00,B9,01,00,00,CC,CC
137800,TX,0x200,4,00,00,00,00,CC,CC,CC,CC
138000,TX,0x100,8,CE,00,AE,02,97,0E,D3,00
138000,TX,0x101,6,C8,00,B4,01,00,00,CC,CC
138000,TX,0x200,4,00,00,00,00,CC,CC,CC,CC
138200,TX,0x100,8,CE,00,AE,02,94,0E,CA,00
138200,TX,0x101,6,C9,00,B9,01,00,00,CC,CC
138200,TX,0x200,4,00,00,00,00,CC,CC,CC,CC
138400,TX,0x100,8,CE,00,AE,02,8B,0E,C6,00
138400,TX,0x101,6,C7,00,B6,01,00,00,CC,CC
138400,TX,0x200,4,00,00,00,00,CC,CC,CC,CC
138600,TX,0x100,8,CD,00,AE,02,8D,0E,CD,00
138600,TX,0x101,6,C6,00,B3,01,00,00,CC,CC
138600,TX,0x200,4,00,00,00,00,CC,CC,CC,CC
138800,TX,0x100,8,CE,00,AE,02,91,0E,C1,00
138800,TX,0x101,6,C3,00,B5,01,00,00,CC,CC
138800,TX,0x200,4,00,00,00,00,CC,CC,CC,CC
139000,TX,0x100,8,CE,00,AE,02,89,0E,CF,00
139000,TX,0x101,6,C9,00,B8,01,00,00,CC,CC
139000,TX,0x200,4,00,00,00,00,CC,CC,CC,CC
139200,TX,0x100,8,CE,00,AD,02,8D,0E,C6,00
139200,TX,0x101,6,C6,00,B5,01,00,00,CC,CC
139200,TX,0x200,4,00,00,00,00,CC,CC,CC,CC
139400,TX,0x100,8,CE,00,AD,02,94,0E,D2,00
139400,TX,0x101,6,CA,00,B8,01,00,00,CC,CC
139400,TX,0x200,4,00,00,00,00,CC,CC,CC,CC
139600,TX,0x100,8,CE,00,AD,02,9B,0E,DB,00
139600,TX,0x101,6,C6,00,B5,01,00,00,CC,CC
139600,TX,0x200,4,00,00,00,00,CC,CC,CC,CC
139800,TX,0x100,8,CD,00,AD,02,87,0E,C0,00
139800,TX,0x101,6,C9,00,BA,01,00,00,CC,CC
139800,TX,0x200,4,00,00,00,00,CC,CC,CC,CC
140000,TX,0x100,8,CD,00,AD,02,86,0E,DD,00
140000,TX,0x101,6,C8,00,B3,01,00,00,CC,CC
140000,TX,0x200,4,00,00,00,00,CC,CC,CC,CC
140200,TX,0x100,8,CD,00,AD,02,8B,0E,CD,00
140200,TX,0x101,6,C7,00,BD,01,00,00,CC,CC
140200,TX,0x200,4,00,00,00,00,CC,CC,CC,CC
140400,TX,0x100,8,CD,00,AD,02,8F,0E,B8,00
140400,TX,0x101,6,C8,00,BA,01,00,00,CC,CC
140400,TX,0x200,4,00,00,00,00,CC,CC,CC,CC
140600,TX,0x100,8,CC,00,AD,02,91,0E,C8,00
140600,TX,0x101,6,C9,00,B8,01,00,00,CC,CC
140600,TX,0x200,4,00,00,00,00,CC,CC,CC,CC
140800,TX,0x100,8,CD,00,AD,02,90,0E,CA,00
140800,TX,0x101,6,C4,00,B4,01,00,00,CC,CC
140800,TX,0x200,4,00,00,00,00,CC,CC,CC,CC
141000,TX,0x100,8,CD,00,AD,02,87,0E,C0,00
141000,TX,0x101,6,C5,00,B3,01,00,00,CC,CC
141000,TX,0x200,4,00,00,00,00,CC,CC,CC,CC
141200,TX,0x100,8,CC,00,AC,02,89,0E,C9,00
141200,TX,0x101,6,C3,00,AE,01,00,00,CC,CC
141200,TX,0x200,4,00,00,00,00,CC,CC,CC,CC
141400,TX,0x100,8,CD,00,AC,02,97,0E,BF,00
141400,TX,0x101,6,C9,00,B5,01,00,00,CC,CC
141400,TX,0x200,4,00,00,00,00,CC,CC,CC,CC
141600,TX,0x100,8,CD,00,AC,02,89,0E,CC,00
141600,TX,0x101,6,C6,00,B2,01,00,00,CC,CC
141600,TX,0x200,4,00,00,00,00,CC,CC,CC,CC
141800,TX,0x100,8,CC,00,AC,02,86,0E,C8,00
141800,TX,0x101,6,C8,00,B5,01,00,00,CC,CC
141800,TX,0x200,4,00,00,00,00,CC,CC,CC,CC
142000,TX,0x100,8,CC,00,AC,02,8F,0E,C4,00
142000,TX,0x101,6,CB,00,AF,01,00,00,CC,CC
142000,TX,0x200,4,00,00,00,00,CC,CC,CC,CC
142200,TX,0x100,8,CC,00,AC,02,8B,0E,BD,00
142200,TX,0x101,6,C6,00,B5,01,00,00,CC,CC
142200,TX,0x200,4,00,00,00,00,CC,CC,CC,CC
142400,TX,0x100,8,CC,00,AC,02,8A,0E,CC,00
142400,TX,0x101,6,C3,00,B3,01,00,00,CC,CC
142400,TX,0x200,4,00,00,00,00,CC,CC,CC,CC
142600,TX,0x100,8,CC,00,AC,02,89,0E,C5,00
142600,TX,0x101,6,C7,00,B1,01,00,00,CC,CC
142600,TX,0x200,4,00,00,00,00,CC,CC,CC,CC
142800,TX,0x100,8,CC,00,AC,02,84,0E,D2,00
142800,TX,0x101,6,C3,00,B3,01,00,00,CC,CC
142800,TX,0x200,4,00,00,00,00,CC,CC,CC,CC
143000,TX,0x100,8,CC,00,AC,02,84,0E,CB,00
143000,TX,0x101,6,C7,00,AF,01,00,00,CC,CC
143000,TX,0x200,4,00,00,00,00,CC,CC,CC,CC
143200,TX,0x100,8,CC,00,AC,02,8A,0E,C5,00
143200,TX,0x101,6,C8,00,AD,01,00,00,CC,CC
143200,TX,0x200,4,00,00,00,00,CC,CC,CC,CC
143400,TX,0x100,8,CC,00,AB,02,8D,0E,C6,00
143400,TX,0x101,6,C7,00,B6,01,00,00,CC,CC
143400,TX,0x200,4,00,00,00,00,CC,CC,CC,CC
143600,TX,0x100,8,CC,00,AB,02,86,0E,D1,00
143600,TX,0x101,6,C6,00,AE,01,00,00,CC,CC
143600,TX,0x200,4,00,00,00,00,CC,CC,CC,CC
143800,TX,0x100,8,CC,00,AB,02,88,0E,C7,00
143800,TX,0x101,6,C9,00,B3,01,00,00,CC,CC
143800,TX,0x200,4,00,00,00,00,CC,CC,CC,CC
144000,TX,0x100,8,CB,00,AB,02,88,0E,C4,00
144000,TX,0x101,6,C8,00,AF,01,00,00,CC,CC
144000,TX,0x200,4,00,00,00,00,CC,CC,CC,CC
144200,TX,0x100,8,CB,00,AB,02,85,0E,C0,00
144200,TX,0x101,6,C8,00,B2,01,00,00,CC,CC
144200,TX,0x200,4,00,00,00,00,CC,CC,CC,CC
144400,TX,0x100,8,CC,00,AB,02,90,0E,CB,00
144400,TX,0x101,6,C6,00,AE,01,00,00,CC,CC
144400,TX,0x200,4,00,00,00,00,CC,CC,CC,CC
144600,TX,0x100,8,CC,00,AB,02,8C,0E,D0,00
144600,TX,0x101,6,C8,00,B0,01,00,00,CC,CC
144600,TX,0x200,4,00,00,00,00,CC,CC,CC,CC
144800,TX,0x100,8,CB,00,AB,02,8A,0E,CF,00
144800,TX,0x101,6,C9,00,AA,01,00,00,CC,CC
144800,TX,0x200,4,00,00,00,00,CC,CC,CC,CC
145000,TX,0x100,8,CB,00,AB,02,92,0E,CB,00
145000,TX,0x101,6,C9,00,B0,01,00,00,CC,CC
145000,TX,0x200,4,00,00,00,00,CC,CC,CC,CC
145200,TX,0x100,8,CC,00,AB,02,87,0E,C5,00
145200,TX,0x101,6,C8,00,AD,01,00,00,CC,CC
145200,TX,0x200,4,00,00,00,00,CC,CC,CC,CC
145400,TX,0x100,8,CB,00,AA,02,8A,0E,C1,00
145400,TX,0x101,6,C6,00,AB,01,00,00,CC,CC
145400,TX,0x200,4,00,00,00,00,CC,CC,CC,CC
145600,TX,0x100,8,CB,00,AA,02,88,0E,D6,00
145600,TX,0x101,6,C7,00,AB,01,00,00,CC,CC
145600,TX,0x200,4,00,00,00,00,CC,CC,CC,CC
145800,TX,0x100,8,CB,00,AA,02,7E,0E,C5,00
145800,TX,0x101,6,C6,00,AA,01,00,00,CC,CC
145800,TX,0x200,4,00,00,00,00,CC,CC,CC,CC
146000,TX,0x100,8,CB,00,AA,02,7F,0E,CA,00
146000,TX,0x101,6,C8,00,A5,01,00,00,CC,CC
146000,TX,0x200,4,00,00,00,00,CC,CC,CC,CC
146200,TX,0x100,8,CB,00,AA,02,86,0E,B1,00
146200,TX,0x101,6,C8,00,A6,01,00,00,CC,CC
146200,TX,0x200,4,00,00,00,00,CC,CC,CC,CC
146400,TX,0x100,8,CB,00,AA,02,80,0E,C9,00
146400,TX,0x101,6,C9,00,AC,01,00,00,CC,CC
146400,TX,0x200,4,00,00,00,00,CC,CC,CC,CC
146600,TX,0x100,8,CB,00,AA,02,8A,0E,CA,00
146600,TX,0x101,6,CC,00,AC,01,00,00,CC,CC
146600,TX,0x200,4,00,00,00,00,CC,CC,CC,CC
146800,TX,0x100,8,CB,00,AA,02,7B,0E,BA,00
146800,TX,0x101,6,C3,00,A7,01,00,00,CC,CC
146800,TX,0x200,4,00,00,00,00,CC,CC,CC,CC
147000,TX,0x100,8,CB,00,AA,02,8B,0E,C5,00
147000,TX,0x101,6,C8,00,A7,01,00,00,CC,CC
147000,TX,0x200,4,00,00,00,00,CC,CC,CC,CC
147200,TX,0x100,8,CB,00,AA,02,80,0E,C4,00
147200,TX,0x101,6,C9,00,AD,01,00,00,CC,CC
147200,TX,0x200,4,00,00,00,00,CC,CC,CC,CC
147400,TX,0x100,8,CB,00,AA,02,87,0E,C2,00
147400,TX,0x101,6,C8,00,A9,01,00,00,CC,CC
147400,TX,0x200,4,00,00,00,00,CC,CC,CC,CC
147600,TX,0x100,8,CA,00,A9,02,81,0E,C6,00
147600,TX,0x101,6,CA,00,AF,01,00,00,CC,CC
147600,TX,0x200,4,00,00,00,00,CC,CC,CC,CC
147800,TX,0x100,8,CB,00,A9,02,81,0E,BB,00
147800,TX,0x101,6,C8,00,AB,01,00,00,CC,CC
147800,TX,0x200,4,00,00,00,00,CC,CC,CC,CC
148000,TX,0x100,8,CB,00,A9,02,80,0E,C1,00
148000,TX,0x101,6,C7,00,A4,01,00,00,CC,CC
148000,TX,0x200,4,00,00,00,00,CC,CC,CC,CC
148200,TX,0x100,8,CA,00,A9,02,81,0E,CB,00
148200,TX,0x101,6,C7,00,A5,01,00,00,CC,CC
148200,TX,0x200,4,00,00,00,00,CC,CC,CC,CC
148400,TX,0x100,8,CA,00,A9,02,80,0E,D0,00
148400,TX,0x101,6,C3,00,A4,01,00,00,CC,CC
148400,TX,0x200,4,00,00,00,00,CC,CC,CC,CC
148600,TX,0x100,8,CA,00,A9,02,82,0E,C1,00
148600,TX,0x101,6,C7,00,A4,01,00,00,CC,CC
148600,TX,0x200,4,00,00,00,00,CC,CC,CC,CC
148800,TX,0x100,8,CA,00,A9,02,87,0E,C4,00
148800,TX,0x101,6,C6,00,AA,01,00,00,CC,CC
148800,TX,0x200,4,00,00,00,00,CC,CC,CC,CC
149000,TX,0x100,8,CA,00,A9,02,7A,0E,CA,00
149000,TX,0x101,6,C9,00,A7,01,00,00,CC,CC
149000,TX,0x200,4,00,00,00,00,CC,CC,CC,CC
149200,TX,0x100,8,CB,00,A9,02,87,0E,BF,00
149200,TX,0x101,6,C7,00,A5,01,00,00,CC,CC
149200,TX,0x200,4,00,00,00,00,CC,CC,CC,CC
149400,TX,0x100,8,CA,00,A9,02,86,0E,CA,00
149400,TX,0x101,6,C7,00,A7,01,00,00,CC,CC
149400,TX,0x200,4,00,00,00,00,CC,CC,CC,CC
149600,TX,0x100,8,CA,00,A8,02,8D,0E,BD,00
149600,TX,0x101,6,C7,00,A1,01,00,00,CC,CC
149600,TX,0x200,4,00,00,00,00,CC,CC,CC,CC
149800,TX,0x100,8,CA,00,A8,02,8B,0E,C8,00
149800,TX,0x101,6,C9,00,9D,01,00,00,CC,CC
149800,TX,0x200,4,00,00,00,00,CC,CC,CC,CC
150000,TX,0x100,8,CA,00,A8,02,86,0E,BF,00
150000,TX,0x101,6,C5,00,A4,01,00,00,CC,CC
150000,TX,0x200,4,00,00,00,00,CC,CC,CC,CC
150200,TX,0x100,8,CA,00,A8,02,7D,0E,D5,00
150200,TX,0x101,6,CA,00,A9,01,00,00,CC,CC
150200,TX,0x200,4,00,00,00,00,CC,CC,CC,CC
150400,TX,0x100,8,CA,00,A8,02,81,0E,CE,00
150400,TX,0x101,6,C6,00,A3,01,00,00,CC,CC
150400,TX,0x200,4,00,00,00,00,CC,CC,CC,CC
150600,TX,0x100,8,CA,00,A8,02,80,0E,C7,00
150600,TX,0x101,6,CA,00,A2,01,00,00,CC,CC
150600,TX,0x200,4,00,00,00,00,CC,CC,CC,CC
150800,TX,0x100,8,CA,00,A8,02,7B,0E,D5,00
150800,TX,0x101,6,CB,00,A0,01,00,00,CC,CC
150800,TX,0x200,4,00,00,00,00,CC,CC,CC,CC
151000,TX,0x100,8,C9,00,A8,02,7F,0E,C3,00
151000,TX,0x101,6,C6,00,A7,01,00,00,CC,CC
151000,TX,0x200,4,00,00,00,00,CC,CC,CC,CC
151200,TX,0x100,8,C9,00,A8,02,76,0E,D2,00
151200,TX,0x101,6,CA,00,A4,01,00,00,CC,CC
151200,TX,0x200,4,00,00,00,00,CC,CC,CC,CC
151400,TX,0x100,8,CA,00,A8,02,7D,0E,D1,00
151400,TX,0x101,6,C7,00,A1,01,00,00,CC,CC
151400,TX,0x200,4,00,00,00,00,CC,CC,CC,CC
151600,TX,0x100,8,CA,00,A7,02,7C,0E,B8,00
151600,TX,0x101,6,C9,00,9B,01,00,00,CC,CC
151600,TX,0x200,4,00,00,00,00,CC,CC,CC,CC
151800,TX,0x100,8,C9,00,A7,02,80,0E,BF,00
151800,TX,0x101,6,C6,00,9E,01,00,00,CC,CC
151800,TX,0x200,4,00,00,00,00,CC,CC,CC,CC
152000,TX,0x100,8,C9,00,A7,02,80,0E,C6,00
152000,TX,0x101,6,C9,00,A2,01,00,00,CC,CC
152000,TX,0x200,4,00,00,00,00,CC,CC,CC,CC
152200,TX,0x100,8,C9,00,A7,02,88,0E,CC,00
152200,TX,0x101,6,CC,00,9D,01,00,00,CC,CC
152200,TX,0x200,4,00,00,00,00,CC,CC,CC,CC
152400,TX,0x100,8,CA,00,A7,02,85,0E,C3,00
152400,TX,0x101,6,C8,00,9A,01,00,00,CC,CC
152400,TX,0x200,4,00,00,00,00,CC,CC,CC,CC
152600,TX,0x100,8,C9,00,A7,02,84,0E,C4,00
152600,TX,0x101,6,C6,00,9A,01,00,00,CC,CC
152600,TX,0x200,4,00,00,00,00,CC,CC,CC,CC
152800,TX,0x100,8,C9,00,A7,02,7C,0E,D4,00
152800,TX,0x101,6,CB,00,99,01,00,00,CC,CC
152800,TX,0x200,4,00,00,00,00,CC,CC,CC,CC
153000,TX,0x100,8,C9,00,A7,02,85,0E,C5,00
153000,TX,0x101,6,C3,00,99,01,00,00,CC,CC
153000,TX,0x200,4,00,00,00,00,CC,CC,CC,CC
153200,TX,0x100,8,C9,00,A7,02,80,0E,C1,00
153200,TX,0x101,6,C9,00,9B,01,00,00,CC,CC
153200,TX,0x200,4,00,00,00,00,CC,CC,CC,CC
153400,TX,0x100,8,C9,00,A7,02,83,0E,D3,00
153400,TX,0x101,6,C8,00,9B,01,00,00,CC,CC
153400,TX,0x200,4,00,00,00,00,CC,CC,CC,CC
153600,TX,0x100,8,C9,00,A7,02,7A,0E,CF,00
153600,TX,0x101,6,C9,00,9C,01,00,00,CC,CC
153600,TX,0x200,4,00,00,00,00,CC,CC,CC,CC
153800,TX,0x100,8,C9,00,A6,02,7B,0E,DD,00
153800,TX,0x101,6,C8,00,95,01,00,00,CC,CC
153800,TX,0x200,4,00,00,00,00,CC,CC,CC,CC
154000,TX,0x100,8,C9,00,A6,02,8A,0E,C2,00
154000,TX,0x101,6,C8,00,99,01,00,00,CC,CC
154000,TX,0x200,4,00,00,00,00,CC,CC,CC,CC
154200,TX,0x100,8,C9,00,A6,02,80,0E,CA,00
154200,TX,0x101,6,C9,00,9B,01,00,00,CC,CC
154200,TX,0x200,4,00,00,00,00,CC,CC,CC,CC
154400,TX,0x100,8,C9,00,A6,02,83,0E,C2,00
154400,TX,0x101,6,C2,00,99,01,00,00,CC,CC
154400,TX,0x200,4,00,00,00,00,CC,CC,CC,CC
154600,TX,0x100,8,C9,00,A6,02,7C,0E,D5,00
154600,TX,0x101,6,C7,00,9B,01,00,00,CC,CC
154600,TX,0x200,4,00,00,00,00,CC,CC,CC,CC
154800,TX,0x100,8,C9,00,A6,02,7A,0E,CB,00
154800,TX,0x101,6,C8,00,9B,01,00,00,CC,CC
154800,TX,0x200,4,00,00,00,00,CC,CC,CC,CC
155000,TX,0x100,8,C9,00,A6,02,82,0E,D0,00
155000,TX,0x101,6,CA,00,93,01,00,00,CC,CC
155000,TX,0x200,4,00,00,00,00,CC,CC,CC,CC
155200,TX,0x100,8,C9,00,A6,02,79,0E,CD,00
155200,TX,0x101,6,C6,00,9C,01,00,00,CC,CC
155200,TX,0x200,4,00,00,00,00,CC,CC,CC,CC
155400,TX,0x100,8,C9,00,A6,02,76,0E,B8,00
155400,TX,0x101,6,C8,00,9A,01,00,00,CC,CC
155400,TX,0x200,4,00,00,00,00,CC,CC,CC,CC
155600,TX,0x100,8,C9,00,A6,02,86,0E,C3,00
155600,TX,0x101,6,C7,00,99,01,00,00,CC,CC
155600,TX,0x200,4,00,00,00,00,CC,CC,CC,CC
155800,TX,0x100,8,C9,00,A5,02,7E,0E,CE,00
155800,TX,0x101,6,C7,00,92,01,00,00,CC,CC
155800,TX,0x200,4,00,00,00,00,CC,CC,CC,CC
156000,TX,0x100,8,C9,00,A5,02,79,0E,B7,00
156000,TX,0x101,6,C8,00,9D,01,00,00,CC,CC
156000,TX,0x200,4,00,00,00,00,CC,CC,CC,CC
156200,TX,0x100,8,C8,00,A5,02,79,0E,BE,00
156200,TX,0x101,6,C7,00,9B,01,00,00,CC,CC
156200,TX,0x200,4,00,00,00,00,CC,CC,CC,CC
156400,TX,0x100,8,C9,00,A5,02,7E,0E,BC,00
156400,TX,0x101,6,C4,00,96,01,00,00,CC,CC
156400,TX,0x200,4,00,00,00,00,CC,CC,CC,CC
156600,TX,0x100,8,C8,00,A5,02,77,0E,BB,00
156600,TX,0x101,6,C8,00,91,01,00,00,CC,CC
156600,TX,0x200,4,00,00,00,00,CC,CC,CC,CC
156800,TX,0x100,8,C9,00,A5,02,7A,0E,C9,00
156800,TX,0x101,6,C4,00,90,01,00,00,CC,CC
156800,TX,0x200,4,00,00,00,00,CC,CC,CC,CC
157000,TX,0x100,8,C9,00,A5,02,72,0E,C4,00
157000,TX,0x101,6,C6,00,8F,01,00,00,CC,CC
157000,TX,0x200,4,00,00,00,00,CC,CC,CC,CC
157200,TX,0x100,8,C9,00,A5,02,7C,0E,C8,00
157200,TX,0x101,6,C8,00,97,01,00,00,CC,CC
157200,TX,0x200,4,00,00,00,00,CC,CC,CC,CC
157400,TX,0x100,8,C9,00,A5,02,80,0E,BE,00
157400,TX,0x101,6,C6,00,92,01,00,00,CC,CC
157400,TX,0x200,4,00,00,00,00,CC,CC,CC,CC
157600,TX,0x100,8,C9,00,A5,02,81,0E,C3,00
157600,TX,0x101,6,C8,00,92,01,00,00,CC,CC
157600,TX,0x200,4,00,00,00,00,CC,CC,CC,CC
157800,TX,0x100,8,C9,00,A5,02,75,0E,C6,00
157800,TX,0x101,6,C9,00,94,01,00,00,CC,CC
157800,TX,0x200,4,00,00,00,00,CC,CC,CC,CC
158000,TX,0x100,8,CC,00,A4,02,78,0E,C2,00
158000,TX,0x101,6,C7,00,92,01,00,00,CC,CC
158000,TX,0x200,4,00,00,00,00,CC,CC,CC,CC
158200,TX,0x100,8,CE,00,A4,02,7C,0E,CD,00
158200,TX,0x101,6,C8,00,93,01,00,00,CC,CC
158200,TX,0x200,4,00,00,00,00,CC,CC,CC,CC
158400,TX,0x100,8,D1,00,A4,02,78,0E,ED,00
158400,TX,0x101,6,C4,00,8F,01,00,00,CC,CC
158400,TX,0x200,4,00,00,00,00,CC,CC,CC,CC
158600,TX,0x100,8,D3,00,A4,02,87,0E,26,01
158600,TX,0x101,6,C6,00,93,01,00,00,CC,CC
158600,TX,0x200,4,00,00,00,00,CC,CC,CC,CC
158800,TX,0x100,8,D4,00,A4,02,72,0E,4A,01
158800,TX,0x101,6,C6,00,8E,01,00,00,CC,CC
158800,TX,0x200,4,00,00,00,00,CC,CC,CC,CC
159000,TX,0x100,8,D7,00,A4,02,81,0E,6B,01
159000,TX,0x101,6,C9,00,93,01,00,00,CC,CC
159000,TX,0x200,4,00,00,00,00,CC,CC,CC,CC
159200,TX,0x100,8,D9,00,A3,02,80,0E,85,01
159200,TX,0x101,6,C4,00,8F,01,00,00,CC,CC
159200,TX,0x200,4,00,00,00,00,CC,CC,CC,CC
159400,TX,0x100,8,DB,00,A3,02,7E,0E,90,01
159400,TX,0x101,6,C7,00,93,01,00,00,CC,CC
159400,TX,0x200,4,00,00,00,00,CC,CC,CC,CC
159600,TX,0x100,8,DD,00,A3,02,77,0E,C4,01
159600,TX,0x101,6,C8,00,8C,01,00,00,CC,CC
159600,TX,0x200,4,00,00,00,00,CC,CC,CC,CC
159800,TX,0x100,8,DF,00,A3,02,7A,0E,CE,01
159800,TX,0x101,6,C7,00,8E,01,00,00,CC,CC
159800,TX,0x200,4,00,00,00,00,CC,CC,CC,CC
160000,TX,0x100,8,E0,00,A2,02,72,0E,F0,01
160000,TX,0x101,6,CB,00,8B,01,00,00,CC,CC
160000,TX,0x200,4,00,00,00,00,CC,CC,CC,CC
160200,TX,0x100,8,E1,00,A2,02,7F,0E,00,02
160200,TX,0x101,6,C8,00,89,01,00,00,CC,CC
160200,TX,0x200,4,00,00,00,00,CC,CC,CC,CC
160400,TX,0x100,8,E3,00,A2,02,6E,0E,0E,02
160400,TX,0x101,6,CC,00,8B,01,00,00,CC,CC
160400,TX,0x200,4,00,00,00,00,CC,CC,CC,CC
160600,TX,0x100,8,E4,00,A1,02,73,0E,16,02
160600,TX,0x101,6,C8,00,8D,01,00,00,CC,CC
160600,TX,0x200,4,00,00,00,00,CC,CC,CC,CC
160800,TX,0x100,8,E5,00,A1,02,6A,0E,3F,02
160800,TX,0x101,6,C5,00,89,01,00,00,CC,CC
160800,TX,0x200,4,00,00,00,00,CC,CC,CC,CC
161000,TX,0x100,8,E8,00,A1,02,79,0E,4F,02
161000,TX,0x101,6,C7,00,8E,01,00,00,CC,CC
161000,TX,0x200,4,00,00,00,00,CC,CC,CC,CC
161200,TX,0x100,8,E9,00,A0,02,75,0E,50,02
161200,TX,0x101,6,C9,00,90,01,00,00,CC,CC
161200,TX,0x200,4,00,00,00,00,CC,CC,CC,CC
161400,TX,0x100,8,EA,00,A0,02,6F,0E,47,02
161400,TX,0x101,6,C6,00,90,01,00,00,CC,CC
161400,TX,0x200,4,00,00,00,00,CC,CC,CC,CC
161600,TX,0x100,8,EC,00,9F,02,73,0E,6E,02
161600,TX,0x101,6,CA,00,82,01,00,00,CC,CC
161600,TX,0x200,4,00,00,00,00,CC,CC,CC,CC
161800,TX,0x100,8,ED,00,9F,02,7A,0E,79,02
161800,TX,0x101,6,C8,00,90,01,00,00,CC,CC
161800,TX,0x200,4,00,00,00,00,CC,CC,CC,CC
162000,TX,0x100,8,EE,00,9F,02,6C,0E,6F,02
162000,TX,0x101,6,C7,00,8A,01,00,00,CC,CC
162000,TX,0x200,4,00,00,00,00,CC,CC,CC,CC
162200,TX,0x100,8,F0,00,9E,02,78,0E,91,02
162200,TX,0x101,6,C7,00,90,01,00,00,CC,CC
162200,TX,0x200,4,00,00,00,00,CC,CC,CC,CC
162400,TX,0x100,8,F0,00,9E,02,75,0E,78,02
162400,TX,0x101,6,C9,00,8A,01,00,00,CC,CC
162400,TX,0x200,4,00,00,00,00,CC,CC,CC,CC
162600,TX,0x100,8,F0,00,9D,02,6D,0E,99,02
162600,TX,0x101,6,C8,00,8F,01,00,00,CC,CC
162600,TX,0x200,4,00,00,00,00,CC,CC,CC,CC
162800,TX,0x100,8,F2,00,9D,02,6E,0E,85,02
162800,TX,0x101,6,CB,00,8E,01,00,00,CC,CC
162800,TX,0x200,4,00,00,00,00,CC,CC,CC,CC
163000,TX,0x100,8,F3,00,9C,02,74,0E,9B,02
163000,TX,0x101,6,CA,00,8B,01,00,00,CC,CC
163000,TX,0x200,4,00,00,00,00,CC,CC,CC,CC
163200,TX,0x100,8,F5,00,9C,02,70,0E,9F,02
163200,TX,0x101,6,CA,00,8A,01,00,00,CC,CC
163200,TX,0x200,4,00,00,00,00,CC,CC,CC,CC
163400,TX,0x100,8,F5,00,9C,02,68,0E,A8,02
163400,TX,0x101,6,C5,00,8B,01,00,00,CC,CC
163400,TX,0x200,4,00,00,00,00,CC,CC,CC,CC
163600,TX,0x100,8,FB,00,9B,02,78,0E,D8,02
163600,TX,0x101,6,CB,00,8D,01,00,00,CC,CC
163600,TX,0x200,4,00,00,00,00,CC,CC,CC,CC
163800,TX,0x100,8,02,01,9B,02,72,0E,F8,02
163800,TX,0x101,6,C9,00,87,01,00,00,CC,CC
163800,TX,0x200,4,00,00,00,00,CC,CC,CC,CC
164000,TX,0x100,8,09,01,9A,02,74,0E,32,03
164000,TX,0x101,6,C8,00,92,01,00,00,CC,CC
164000,TX,0x200,4,00,00,00,00,CC,CC,CC,CC
164200,TX,0x100,8,0F,01,99,02,70,0E,46,03
164200,TX,0x101,6,C6,00,8C,01,00,00,CC,CC
164200,TX,0x200,4,00,00,00,00,CC,CC,CC,CC
164400,TX,0x100,8,15,01,99,02,68,0E,7E,03
164400,TX,0x101,6,C7,00,8A,01,00,00,CC,CC
164400,TX,0x200,4,00,00,00,00,CC,CC,CC,CC
164600,TX,0x100,8,1B,01,98,02,60,0E,85,03
164600,TX,0x101,6,C8,00,8D,01,00,00,CC,CC
164600,TX,0x200,4,00,00,00,00,CC,CC,CC,CC
164800,TX,0x100,8,20,01,98,02,67,0E,B1,03
164800,TX,0x101,6,C6,00,8D,01,00,00,CC,CC
164800,TX,0x200,4,00,00,00,00,CC,CC,CC,CC
165000,TX,0x100,8,25,01,97,02,63,0E,D9,03
165000,TX,0x101,6,C8,00,8A,01,00,00,CC,CC
165000,TX,0x200,4,00,00,00,00,CC,CC,CC,CC
165200,TX,0x100,8,29,01,96,02,6C,0E,D9,03
165200,TX,0x101,6,C9,00,90,01,00,00,CC,CC
165200,TX,0x200,4,00,00,00,00,CC,CC,CC,CC
165400,TX,0x100,8,2F,01,96,02,67,0E,F4,03
165400,TX,0x101,6,C5,00,93,01,00,00,CC,CC
165400,TX,0x200,4,00,00,00,00,CC,CC,CC,CC
165600,TX,0x100,8,33,01,95,02,66,0E,1F,04
165600,TX,0x101,6,C8,00,94,01,00,00,CC,CC
165600,TX,0x200,4,00,00,00,00,CC,CC,CC,CC
165800,TX,0x100,8,37,01,94,02,68,0E,0C,04
165800,TX,0x101,6,C6,00,99,01,00,00,CC,CC
165800,TX,0x200,4,00,00,00,00,CC,CC,CC,CC
166000,TX,0x100,8,3C,01,93,02,65,0E,42,04
166000,TX,0x101,6,CC,00,93,01,00,00,CC,CC
166000,TX,0x200,4,00,00,00,00,CC,CC,CC,CC
166200,TX,0x100,8,40,01,93,02,69,0E,41,04
166200,TX,0x101,6,C7,00,91,01,00,00,CC,CC
166200,TX,0x200,4,00,00,00,00,CC,CC,CC,CC
166400,TX,0x100,8,43,01,92,02,71,0E,5D,04
166400,TX,0x101,6,C8,00,91,01,00,00,CC,CC
166400,TX,0x200,4,00,00,00,00,CC,CC,CC,CC
166600,TX,0x100,8,47,01,91,02,60,0E,53,04
166600,TX,0x101,6,C7,00,9B,01,00,00,CC,CC
166600,TX,0x200,4,00,00,00,00,CC,CC,CC,CC
166800,TX,0x100,8,4B,01,90,02,61,0E,69,04
166800,TX,0x101,6,C6,00,99,01,00,00,CC,CC
166800,TX,0x200,4,00,00,00,00,CC,CC,CC,CC
167000,TX,0x100,8,4E,01,90,02,6C,0E,7B,04
167000,TX,0x101,6,CC,00,9A,01,00,00,CC,CC
167000,TX,0x200,4,00,00,00,00,CC,CC,CC,CC
167200,TX,0x100,8,51,01,8F,02,64,0E,7F,04
167200,TX,0x101,6,C9,00,9C,01,00,00,CC,CC
167200,TX,0x200,4,00,00,00,00,CC,CC,CC,CC
167400,TX,0x100,8,54,01,8E,02,67,0E,86,04
167400,TX,0x101,6,C9,00,9C,01,00,00,CC,CC
167400,TX,0x200,4,00,00,00,00,CC,CC,CC,CC
167600,TX,0x100,8,57,01,8D,02,61,0E,9D,04
167600,TX,0x101,6,C7,00,9C,01,00,00,CC,CC
167600,TX,0x200,4,00,00,00,00,CC,CC,CC,CC
167800,TX,0x100,8,5A,01,8C,02,6A,0E,A2,04
167800,TX,0x101,6,C8,00,A2,01,00,00,CC,CC
167800,TX,0x200,4,00,00,00,00,CC,CC,CC,CC
168000,TX,0x100,8,5C,01,8B,02,64,0E,AB,04
168000,TX,0x101,6,C7,00,A0,01,00,00,CC,CC
168000,TX,0x200,4,00,00,00,00,CC,CC,CC,CC
168200,TX,0x100,8,5F,01,8B,02,65,0E,A1,04
168200,TX,0x101,6,C3,00,9D,01,00,00,CC,CC
168200,TX,0x200,4,00,00,00,00,CC,CC,CC,CC
168400,TX,0x100,8,62,01,8A,02,65,0E,B4,04
168400,TX,0x101,6,C7,00,A1,01,00,00,CC,CC
168400,TX,0x200,4,00,00,00,00,CC,CC,CC,CC
168600,TX,0x100,8,64,01,89,02,64,0E,B7,04
168600,TX,0x101,6,C4,00,9F,01,00,00,CC,CC
168600,TX,0x200,4,00,00,00,00,CC,CC,CC,CC
168800,TX,0x100,8,66,01,88,02,57,0E,CC,04
168800,TX,0x101,6,CA,00,A4,01,00,00,CC,CC
168800,TX,0x200,4,00,00,00,00,CC,CC,CC,CC
169000,TX,0x100,8,69,01,87,02,61,0E,C8,04
169000,TX,0x101,6,C7,00,A8,01,00,00,CC,CC
169000,TX,0x200,4,00,00,00,00,CC,CC,CC,CC
169200,TX,0x100,8,6B,01,86,02,5E,0E,CE,04
169200,TX,0x101,6,C9,00,AB,01,00,00,CC,CC
169200,TX,0x200,4,00,00,00,00,CC,CC,CC,CC
169400,TX,0x100,8,6D,01,86,02,5A,0E,E6,04
169400,TX,0x101,6,C8,00,AA,01,00,00,CC,CC
169400,TX,0x200,4,00,00,00,00,CC,CC,CC,CC
169600,TX,0x100,8,6F,01,85,02,63,0E,D5,04
169600,TX,0x101,6,C9,00,A9,01,00,00,CC,CC
169600,TX,0x200,4,00,00,00,00,CC,CC,CC,CC
169800,TX,0x100,8,77,01,84,02,63,0E,0A,05
169800,TX,0x101,6,C8,00,B3,01,00,00,CC,CC
169800,TX,0x200,4,00,00,00,00,CC,CC,CC,CC
170000,TX,0x100,8,7D,01,83,02,58,0E,22,05
170000,TX,0x101,6,C7,00,AE,01,00,00,CC,CC
170000,TX,0x200,4,00,00,00,00,CC,CC,CC,CC
170200,TX,0x100,8,84,01,82,02,57,0E,5B,05
170200,TX,0x101,6,C5,00,B1,01,00,00,CC,CC
170200,TX,0x200,4,00,00,00,00,CC,CC,CC,CC
170400,TX,0x100,8,8B,01,81,02,55,0E,85,05
170400,TX,0x101,6,C6,00,AF,01,00,00,CC,CC
170400,TX,0x200,4,00,00,00,00,CC,CC,CC,CC
170600,TX,0x100,8,91,01,80,02,56,0E,8F,05
170600,TX,0x101,6,C7,00,B7,01,00,00,CC,CC
170600,TX,0x200,4,00,00,00,00,CC,CC,CC,CC
170800,TX,0x100,8,97,01,7F,02,5C,0E,AA,05
170800,TX,0x101,6,CA,00,B5,01,00,00,CC,CC
170800,TX,0x200,4,00,00,00,00,CC,CC,CC,CC
171000,TX,0x100,8,9D,01,7E,02,5B,0E,CB,05
171000,TX,0x101,6,C6,00,B9,01,00,00,CC,CC
171000,TX,0x200,4,00,00,00,00,CC,CC,CC,CC
171200,TX,0x100,8,A3,01,7D,02,58,0E,F0,05
171200,TX,0x101,6,C8,00,BD,01,00,00,CC,CC
171200,TX,0x200,4,00,00,00,00,CC,CC,CC,CC
171400,TX,0x100,8,A7,01,7C,02,54,0E,06,06
171400,TX,0x101,6,C8,00,BE,01,00,00,CC,CC
171400,TX,0x200,4,00,00,00,00,CC,CC,CC,CC
171600,TX,0x100,8,AC,01,7B,02,4D,0E,26,06
171600,TX,0x101,6,CA,00,C5,01,00,00,CC,CC
171600,TX,0x200,4,00,00,00,00,CC,CC,CC,CC
171800,TX,0x100,8,B1,01,7A,02,50,0E,39,06
171800,TX,0x101,6,C7,00,C2,01,00,00,CC,CC
171800,TX,0x200,4,00,00,00,00,CC,CC,CC,CC
172000,TX,0x100,8,B6,01,78,02,4F,0E,53,06
172000,TX,0x101,6,C8,00,BF,01,00,00,CC,CC
172000,TX,0x200,4,00,00,00,00,CC,CC,CC,CC
172200,TX,0x100,8,BB,01,77,02,4A,0E,50,06
172200,TX,0x101,6,C9,00,C7,01,00,00,CC,CC
172200,TX,0x200,4,00,00,00,00,CC,CC,CC,CC
172400,TX,0x100,8,C0,01,76,02,55,0E,63,06
172400,TX,0x101,6,C6,00,CC,01,00,00,CC,CC
172400,TX,0x200,4,00,00,00,00,CC,CC,CC,CC
172600,TX,0x100,8,C3,01,75,02,4C,0E,77,06
172600,TX,0x101,6,C6,00,CD,01,00,00,CC,CC
172600,TX,0x200,4,55,01,01,01,CC,CC,CC,CC
172800,TX,0x100,8,C7,01,74,02,48,0E,8B,06
172800,TX,0x101,6,CB,00,CD,01,00,00,CC,CC
172800,TX,0x200,4,70,01,01,01,CC,CC,CC,CC
173000,TX,0x100,8,CB,01,73,02,48,0E,91,06
173000,TX,0x101,6,C4,00,D1,01,00,00,CC,CC
173000,TX,0x200,4,8B,01,01,01,CC,CC,CC,CC
173200,TX,0x100,8,CE,01,71,02,4D,0E,A5,06
173200,TX,0x101,6,C7,00,CC,01,00,00,CC,CC
173200,TX,0x200,4,A2,01,01,01,CC,CC,CC,CC
173400,TX,0x100,8,D2,01,70,02,49,0E,9E,06
173400,TX,0x101,6,C6,00,D8,01,00,00,CC,CC
173400,TX,0x200,4,BC,01,01,01,CC,CC,CC,CC
173600,TX,0x100,8,D5,01,6F,02,45,0E,B5,06
173600,TX,0x101,6,C9,00,D5,01,00,00,CC,CC
173600,TX,0x200,4,CF,01,01,01,CC,CC,CC,CC
173800,TX,0x100,8,D9,01,6E,02,50,0E,B3,06
173800,TX,0x101,6,C8,00,D8,01,00,00,CC,CC
173800,TX,0x200,4,E7,01,01,01,CC,CC,CC,CC
174000,TX,0x100,8,DB,01,6C,02,47,0E,C1,06
174000,TX,0x101,6,C8,00,DA,01,00,00,CC,CC
174000,TX,0x200,4,F9,01,01,01,CC,CC,CC,CC
174200,TX,0x100,8,DE,01,6B,02,3D,0E,C3,06
174200,TX,0x101,6,CA,00,DE,01,00,00,CC,CC
174200,TX,0x200,4,0C,02,01,01,CC,CC,CC,CC
174400,TX,0x100,8,E2,01,6A,02,48,0E,C8,06
174400,TX,0x101,6,C4,00,E3,01,00,00,CC,CC
174400,TX,0x200,4,23,02,01,01,CC,CC,CC,CC
174600,TX,0x100,8,E4,01,69,02,3C,0E,D6,06
174600,TX,0x101,6,C7,00,E6,01,00,00,CC,CC
174600,TX,0x200,4,34,02,01,01,CC,CC,CC,CC
174800,TX,0x100,8,E7,01,67,02,44,0E,D0,06
174800,TX,0x101,6,C8,00,E2,01,00,00,CC,CC
174800,TX,0x200,4,4A,02,01,01,CC,CC,CC,CC
175000,TX,0x100,8,E9,01,66,02,4E,0E,D9,06
175000,TX,0x101,6,C9,00,EA,01,00,00,CC,CC
175000,TX,0x200,4,57,02,01,01,CC,CC,CC,CC
175200,TX,0x100,8,EC,01,65,02,46,0E,D9,06
175200,TX,0x101,6,C6,00,EC,01,00,00,CC,CC
175200,TX,0x200,4,66,02,01,01,CC,CC,CC,CC
175400,TX,0x100,8,EE,01,63,02,3D,0E,EF,06
175400,TX,0x101,6,C8,00,F2,01,00,00,CC,CC
175400,TX,0x200,4,77,02,01,01,CC,CC,CC,CC
175600,TX,0x100,8,F0,01,62,02,47,0E,DA,06
175600,TX,0x101,6,C7,00,F8,01,00,00,CC,CC
175600,TX,0x200,4,86,02,01,01,CC,CC,CC,CC
175800,TX,0x100,8,FB,01,61,02,3A,0E,F7,06
175800,TX,0x101,6,C6,00,FD,01,00,00,CC,CC
175800,TX,0x200,4,CB,02,01,01,CC,CC,CC,CC
176000,TX,0x100,8,05,02,5F,02,37,0E,EB,06
176000,TX,0x101,6,C9,00,F2,01,00,00,CC,CC
176000,TX,0x200,4,11,03,01,01,CC,CC,CC,CC
176200,TX,0x100,8,0E,02,5E,02,39,0E,06,07
176200,TX,0x101,6,C6,00,F8,01,00,00,CC,CC
176200,TX,0x200,4,4E,03,01,01,CC,CC,CC,CC
176400,TX,0x100,8,18,02,5D,02,38,0E,F9,06
176400,TX,0x101,6,C6,00,05,02,00,00,CC,CC
176400,TX,0x200,4,8D,03,01,01,CC,CC,CC,CC
176600,TX,0x100,8,21,02,5B,02,3A,0E,05,07
176600,TX,0x101,6,C6,00,06,02,00,00,CC,CC
176600,TX,0x200,4,CB,03,01,01,CC,CC,CC,CC
176800,TX,0x100,8,29,02,5A,02,3F,0E,E9,06
176800,TX,0x101,6,C9,00,0C,02,00,00,CC,CC
176800,TX,0x200,4,E8,03,01,01,CC,CC,CC,CC
177000,TX,0x100,8,31,02,58,02,39,0E,EF,06
177000,TX,0x101,6,C6,00,07,02,00,00,CC,CC
177000,TX,0x200,4,E8,03,01,01,CC,CC,CC,CC
177200,TX,0x100,8,39,02,57,02,37,0E,09,07
177200,TX,0x101,6,C4,00,10,02,00,00,CC,CC
177200,TX,0x200,4,E8,03,01,01,CC,CC,CC,CC
177400,TX,0x100,8,41,02,55,02,30,0E,F7,06
177400,TX,0x101,6,CC,00,0F,02,00,00,CC,CC
177400,TX,0x200,4,E8,03,01,01,CC,CC,CC,CC
177600,TX,0x100,8,47,02,54,02,38,0E,00,07
177600,TX,0x101,6,C8,00,12,02,00,00,CC,CC
177600,TX,0x200,4,E8,03,01,01,CC,CC,CC,CC
177800,TX,0x100,8,4D,02,52,02,2B,0E,03,07
177800,TX,0x101,6,CA,00,17,02,00,00,CC,CC
177800,TX,0x200,4,E8,03,01,01,CC,CC,CC,CC
178000,TX,0x100,8,54,02,51,02,31,0E,14,07
178000,TX,0x101,6,C7,00,23,02,00,00,CC,CC
178000,TX,0x200,4,E8,03,01,01,CC,CC,CC,CC
178200,TX,0x100,8,59,02,4F,02,3A,0E,10,07
178200,TX,0x101,6,C6,00,1B,02,00,00,CC,CC
178200,TX,0x200,4,E8,03,01,01,CC,CC,CC,CC
178400,TX,0x100,8,5F,02,4E,02,36,0E,19,07
178400,TX,0x101,6,CA,00,22,02,00,00,CC,CC
178400,TX,0x200,4,E8,03,01,01,CC,CC,CC,CC
178600,TX,0x100,8,63,02,4C,02,2C,0E,03,07
178600,TX,0x101,6,C8,00,2A,02,00,00,CC,CC
178600,TX,0x200,4,E8,03,01,01,CC,CC,CC,CC
178800,TX,0x100,8,68,02,4B,02,2E,0E,14,07
178800,TX,0x101,6,C8,00,2E,02,00,00,CC,CC
178800,TX,0x200,4,E8,03,01,01,CC,CC,CC,CC
179000,TX,0x100,8,6C,02,49,02,2B,0E,11,07
179000,TX,0x101,6,CA,00,32,02,00,00,CC,CC
179000,TX,0x200,4,E8,03,01,01,CC,CC,CC,CC
179200,TX,0x100,8,70,02,48,02,26,0E,10,07
179200,TX,0x101,6,CA,00,32,02,00,00,CC,CC
179200,TX,0x200,4,E8,03,01,01,CC,CC,CC,CC
179400,TX,0x100,8,74,02,46,02,2B,0E,15,07
179400,TX,0x101,6,C9,00,33,02,00,00,CC,CC
179400,TX,0x200,4,E8,03,01,01,CC,CC,CC,CC
179600,TX,0x100,8,78,02,44,02,2E,0E,15,07
179600,TX,0x101,6,C8,00,39,02,00,00,CC,CC
179600,TX,0x200,4,E8,03,01,01,CC,CC,CC,CC
179800,TX,0x100,8,7C,02,43,02,25,0E,FA,06
179800,TX,0x101,6,C5,00,39,02,00,00,CC,CC
179800,TX,0x200,4,E8,03,01,01,CC,CC,CC,CC
180000,TX,0x100,8,84,02,41,02,1F,0E,0E,07
180000,TX,0x101,6,C7,00,3C,02,00,00,CC,CC
180000,TX,0x200,4,E8,03,01,01,CC,CC,CC,CC
180200,TX,0x100,8,8C,02,40,02,2A,0E,04,07
180200,TX,0x101,6,C6,00,3C,02,00,00,CC,CC
180200,TX,0x200,4,E8,03,01,01,CC,CC,CC,CC
180400,TX,0x100,8,94,02,3E,02,25,0E,1A,07
180400,TX,0x101,6,CA,00,46,02,00,00,CC,CC
180400,TX,0x200,4,E8,03,01,01,CC,CC,CC,CC
180600,TX,0x100,8,9B,02,3C,02,1D,0E,1F,07
180600,TX,0x101,6,CB,00,44,02,00,00,CC,CC
180600,TX,0x200,4,E8,03,01,01,CC,CC,CC,CC
180800,TX,0x100,8,A1,02,3B,02,25,0E,10,07
180800,TX,0x101,6,C8,00,4A,02,00,00,CC,CC
180800,TX,0x200,4,E8,03,01,01,CC,CC,CC,CC
181000,TX,0x100,8,A8,02,39,02,1D,0E,24,07
181000,TX,0x101,6,C8,00,4E,02,00,00,CC,CC
181000,TX,0x200,4,E8,03,01,01,CC,CC,CC,CC
181200,TX,0x100,8,AF,02,37,02,20,0E,2B,07
181200,TX,0x101,6,C9,00,53,02,00,00,CC,CC
181200,TX,0x200,4,E8,03,01,01,CC,CC,CC,CC
181400,TX,0x100,8,B4,02,36,02,22,0E,03,07
181400,TX,0x101,6,C5,00,53,02,00,00,CC,CC
181400,TX,0x200,4,E8,03,01,01,CC,CC,CC,CC
181600,TX,0x100,8,B9,02,34,02,1E,0E,16,07
181600,TX,0x101,6,C9,00,56,02,00,00,CC,CC
181600,TX,0x200,4,E8,03,01,01,CC,CC,CC,CC
181800,TX,0x100,8,C0,02,32,02,1C,0E,13,07
181800,TX,0x101,6,CA,00,5F,02,00,00,CC,CC
181800,TX,0x200,4,E8,03,01,03,CC,CC,CC,CC
182000,TX,0x100,8,C4,02,30,02,14,0E,26,07
182000,TX,0x101,6,C5,00,5E,02,00,00,CC,CC
182000,TX,0x200,4,E8,03,01,03,CC,CC,CC,CC
182200,TX,0x100,8,C9,02,2F,02,18,0E,1A,07
182200,TX,0x101,6,C8,00,5D,02,00,00,CC,CC
182200,TX,0x200,4,E8,03,01,03,CC,CC,CC,CC
182400,TX,0x100,8,CE,02,2D,02,1A,0E,2E,07
182400,TX,0x101,6,C7,00,63,02,00,00,CC,CC
182400,TX,0x200,4,E8,03,01,03,CC,CC,CC,CC
182600,TX,0x100,8,D2,02,2B,02,15,0E,0E,07
182600,TX,0x101,6,C7,00,61,02,00,00,CC,CC
182600,TX,0x200,4,E8,03,01,03,CC,CC,CC,CC
182800,TX,0x100,8,D5,02,29,02,17,0E,11,07
182800,TX,0x101,6,CA,00,68,02,00,00,CC,CC
182800,TX,0x200,4,E8,03,01,03,CC,CC,CC,CC
183000,TX,0x100,8,D9,02,28,02,1D,0E,1F,07
183000,TX,0x101,6,C7,00,6A,02,00,00,CC,CC
183000,TX,0x200,4,E8,03,01,03,CC,CC,CC,CC
183200,TX,0x100,8,DD,02,26,02,17,0E,26,07
183200,TX,0x101,6,C8,00,69,02,00,00,CC,CC
183200,TX,0x200,4,E8,03,01,03,CC,CC,CC,CC
183400,TX,0x100,8,E1,02,24,02,12,0E,26,07
183400,TX,0x101,6,CB,00,6E,02,00,00,CC,CC
183400,TX,0x200,4,E8,03,01,03,CC,CC,CC,CC
183600,TX,0x100,8,E4,02,22,02,16,0E,25,07
183600,TX,0x101,6,C6,00,73,02,00,00,CC,CC
183600,TX,0x200,4,E8,03,01,03,CC,CC,CC,CC
183800,TX,0x100,8,E7,02,21,02,18,0E,05,07
183800,TX,0x101,6,C3,00,75,02,00,00,CC,CC
183800,TX,0x200,4,E8,03,01,03,CC,CC,CC,CC
184000,TX,0x100,8,EF,02,1F,02,1B,0E,29,06
184000,TX,0x101,6,C7,00,78,02,00,00,CC,CC
184000,TX,0x200,4,E8,03,01,03,CC,CC,CC,CC
184200,TX,0x100,8,F5,02,1E,02,11,0E,6B,05
184200,TX,0x101,6,C5,00,7E,02,00,00,CC,CC
184200,TX,0x200,4,E8,03,01,03,CC,CC,CC,CC
184400,TX,0x100,8,FB,02,1C,02,0D,0E,8C,04
184400,TX,0x101,6,C6,00,7A,02,00,00,CC,CC
184400,TX,0x200,4,E8,03,01,03,CC,CC,CC,CC
184600,TX,0x100,8,02,03,1B,02,0A,0E,23,04
184600,TX,0x101,6,C5,00,83,02,00,00,CC,CC
184600,TX,0x200,4,E8,03,01,03,CC,CC,CC,CC
184800,TX,0x100,8,07,03,1A,02,10,0E,96,03
184800,TX,0x101,6,C7,00,8A,02,00,00,CC,CC
184800,TX,0x200,4,E8,03,01,03,CC,CC,CC,CC
185000,TX,0x100,8,0C,03,19,02,0B,0E,3A,03
185000,TX,0x101,6,C9,00,84,02,00,00,CC,CC
185000,TX,0x200,4,E8,03,01,03,CC,CC,CC,CC
185200,TX,0x100,8,11,03,18,02,0E,0E,D6,02
185200,TX,0x101,6,C6,00,8D,02,00,00,CC,CC
185200,TX,0x200,4,E8,03,01,03,CC,CC,CC,CC
185400,TX,0x100,8,16,03,17,02,0C,0E,64,02
185400,TX,0x101,6,C9,00,8B,02,00,00,CC,CC
185400,TX,0x200,4,E8,03,01,03,CC,CC,CC,CC
185600,TX,0x100,8,1A,03,16,02,08,0E,43,02
185600,TX,0x101,6,C9,00,87,02,00,00,CC,CC
185600,TX,0x200,4,E8,03,01,03,CC,CC,CC,CC
185800,TX,0x100,8,1E,03,15,02,08,0E,0C,02
185800,TX,0x101,6,CC,00,8B,02,00,00,CC,CC
185800,TX,0x200,4,E8,03,01,03,CC,CC,CC,CC
186000,TX,0x100,8,21,03,14,02,0C,0E,D0,01
186000,TX,0x101,6,C4,00,8D,02,00,00,CC,CC
186000,TX,0x200,4,00,00,00,04,CC,CC,CC,CC
186200,TX,0x100,8,25,03,13,02,03,0E,B3,01
186200,TX,0x101,6,CC,00,8B,02,00,00,CC,CC
186200,TX,0x200,4,00,00,00,04,CC,CC,CC,CC
186400,TX,0x100,8,28,03,12,02,09,0E,81,01
186400,TX,0x101,6,C9,00,99,02,00,00,CC,CC
186400,TX,0x200,4,00,00,00,04,CC,CC,CC,CC
186600,TX,0x100,8,2B,03,11,02,02,0E,6C,01
186600,TX,0x101,6,CA,00,95,02,00,00,CC,CC
186600,TX,0x200,4,00,00,00,04,CC,CC,CC,CC
186800,TX,0x100,8,2E,03,10,02,0A,0E,59,01
186800,TX,0x101,6,C7,00,9B,02,00,00,CC,CC
186800,TX,0x200,4,00,00,00,04,CC,CC,CC,CC
187000,TX,0x100,8,31,03,0F,02,0E,0E,52,01
187000,TX,0x101,6,C9,00,9C,02,00,00,CC,CC
187000,TX,0x200,4,00,00,00,04,CC,CC,CC,CC
187200,TX,0x100,8,33,03,0F,02,09,0E,38,01
187200,TX,0x101,6,C7,00,9C,02,00,00,CC,CC
187200,TX,0x200,4,00,00,00,04,CC,CC,CC,CC
187400,TX,0x100,8,35,03,0E,02,0C,0E,13,01
187400,TX,0x101,6,C8,00,9F,02,00,00,CC,CC
187400,TX,0x200,4,00,00,00,04,CC,CC,CC,CC
187600,TX,0x100,8,38,03,0D,02,0E,0E,16,01
187600,TX,0x101,6,C5,00,9E,02,00,00,CC,CC
187600,TX,0x200,4,00,00,00,04,CC,CC,CC,CC
187800,TX,0x100,8,3A,03,0C,02,09,0E,10,01
187800,TX,0x101,6,C5,00,A2,02,00,00,CC,CC
187800,TX,0x200,4,00,00,00,04,CC,CC,CC,CC
188000,TX,0x100,8,3C,03,0B,02,10,0E,08,01
188000,TX,0x101,6,C6,00,A4,02,00,00,CC,CC
188000,TX,0x200,4,00,00,00,04,CC,CC,CC,CC
188200,TX,0x100,8,3D,03,0B,02,05,0E,F6,00
188200,TX,0x101,6,C7,00,A4,02,00,00,CC,CC
188200,TX,0x200,4,00,00,00,04,CC,CC,CC,CC
188400,TX,0x100,8,3F,03,0A,02,0D,0E,E5,00
188400,TX,0x101,6,C8,00,A0,02,00,00,CC,CC
188400,TX,0x200,4,00,00,00,04,CC,CC,CC,CC
188600,TX,0x100,8,40,03,09,02,0D,0E,F9,00
188600,TX,0x101,6,C8,00,9F,02,00,00,CC,CC
188600,TX,0x200,4,00,00,00,04,CC,CC,CC,CC
188800,TX,0x100,8,41,03,08,02,06,0E,E6,00
188800,TX,0x101,6,C7,00,A2,02,00,00,CC,CC
188800,TX,0x200,4,00,00,00,04,CC,CC,CC,CC
189000,TX,0x100,8,43,03,07,02,01,0E,E0,00
189000,TX,0x101,6,C7,00,A5,02,00,00,CC,CC
189000,TX,0x200,4,00,00,00,04,CC,CC,CC,CC
189200,TX,0x100,8,45,03,07,02,05,0E,D6,00
189200,TX,0x101,6,C9,00,A9,02,00,00,CC,CC
189200,TX,0x200,4,00,00,00,04,CC,CC,CC,CC
189400,TX,0x100,8,46,03,06,02,09,0E,D4,00
189400,TX,0x101,6,C8,00,A8,02,00,00,CC,CC
189400,TX,0x200,4,00,00,00,04,CC,CC,CC,CC
189600,TX,0x100,8,47,03,05,02,04,0E,DA,00
189600,TX,0x101,6,CA,00,A7,02,00,00,CC,CC
189600,TX,0x200,4,00,00,00,04,CC,CC,CC,CC
189800,TX,0x100,8,48,03,04,02,07,0E,D7,00
189800,TX,0x101,6,C9,00,A9,02,00,00,CC,CC
189800,TX,0x200,4,00,00,00,04,CC,CC,CC,CC
190000,TX,0x100,8,49,03,03,02,01,0E,D8,00
190000,TX,0x101,6,C4,00,AD,02,00,00,CC,CC
190000,TX,0x200,4,00,00,00,04,CC,CC,CC,CC
190200,TX,0x100,8,49,03,03,02,06,0E,CD,00
190200,TX,0x101,6,C7,00,A8,02,00,00,CC,CC
190200,TX,0x200,4,00,00,00,04,CC,CC,CC,CC
190400,TX,0x100,8,4B,03,02,02,FC,0D,C2,00
190400,TX,0x101,6,C7,00,AC,02,00,00,CC,CC
190400,TX,0x200,4,00,00,00,04,CC,CC,CC,CC
190600,TX,0x100,8,4B,03,01,02,09,0E,CE,00
190600,TX,0x101,6,C6,00,AC,02,00,00,CC,CC
190600,TX,0x200,4,00,00,00,04,CC,CC,CC,CC
190800,TX,0x100,8,4C,03,00,02,03,0E,EB,00
190800,TX,0x101,6,C7,00,AA,02,00,00,CC,CC
190800,TX,0x200,4,00,00,00,04,CC,CC,CC,CC
191000,TX,0x100,8,4D,03,FF,01,00,0E,C9,00
191000,TX,0x101,6,C9,00,AB,02,00,00,CC,CC
191000,TX,0x200,4,00,00,00,04,CC,CC,CC,CC
191200,TX,0x100,8,4D,03,FE,01,FE,0D,CA,00
191200,TX,0x101,6,C8,00,AB,02,00,00,CC,CC
191200,TX,0x200,4,00,00,00,04,CC,CC,CC,CC
191400,TX,0x100,8,4E,03,FE,01,0B,0E,C3,00
191400,TX,0x101,6,C9,00,AE,02,00,00,CC,CC
191400,TX,0x200,4,00,00,00,04,CC,CC,CC,CC
191600,TX,0x100,8,4F,03,FD,01,05,0E,D5,00
191600,TX,0x101,6,C5,00,A9,02,00,00,CC,CC
191600,TX,0x200,4,00,00,00,04,CC,CC,CC,CC
191800,TX,0x100,8,4F,03,FC,01,07,0E,D2,00
191800,TX,0x101,6,CD,00,AC,02,00,00,CC,CC
191800,TX,0x200,4,00,00,00,04,CC,CC,CC,CC
192000,TX,0x100,8,4F,03,FB,01,00,0E,C6,00
192000,TX,0x101,6,C8,00,B0,02,00,00,CC,CC
192000,TX,0x200,4,00,00,00,04,CC,CC,CC,CC
192200,TX,0x100,8,4F,03,FA,01,06,0E,C8,00
192200,TX,0x101,6,C6,00,AF,02,00,00,CC,CC
192200,TX,0x200,4,00,00,00,04,CC,CC,CC,CC
192400,TX,0x100,8,50,03,FA,01,04,0E,CE,00
192400,TX,0x101,6,C8,00,AD,02,00,00,CC,CC
192400,TX,0x200,4,00,00,00,04,CC,CC,CC,CC
192600,TX,0x100,8,50,03,F9,01,FC,0D,B9,00
192600,TX,0x101,6,C7,00,B4,02,00,00,CC,CC
192600,TX,0x200,4,00,00,00,04,CC,CC,CC,CC
192800,TX,0x100,8,51,03,F8,01,03,0E,C6,00
192800,TX,0x101,6,CA,00,AE,02,00,00,CC,CC
192800,TX,0x200,4,00,00,00,04,CC,CC,CC,CC
193000,TX,0x100,8,50,03,F7,01,02,0E,C9,00
193000,TX,0x101,6,C7,00,AD,02,00,00,CC,CC
193000,TX,0x200,4,00,00,00,04,CC,CC,CC,CC
193200,TX,0x100,8,51,03,F6,01,FE,0D,C6,00
193200,TX,0x101,6,CA,00,AB,02,00,00,CC,CC
193200,TX,0x200,4,00,00,00,04,CC,CC,CC,CC
193400,TX,0x100,8,51,03,F5,01,00,0E,C6,00
193400,TX,0x101,6,CA,00,B1,02,00,00,CC,CC
193400,TX,0x200,4,00,00,00,04,CC,CC,CC,CC
193600,TX,0x100,8,52,03,F5,01,01,0E,BD,00
193600,TX,0x101,6,C9,00,AA,02,00,00,CC,CC
193600,TX,0x200,4,00,00,00,04,CC,CC,CC,CC
193800,TX,0x100,8,52,03,F4,01,04,0E,C4,00
193800,TX,0x101,6,C9,00,AC,02,00,00,CC,CC
193800,TX,0x200,4,00,00,00,04,CC,CC,CC,CC
194000,TX,0x100,8,52,03,F3,01,FC,0D,C7,00
194000,TX,0x101,6,C8,00,A9,02,00,00,CC,CC
194000,TX,0x200,4,00,00,00,04,CC,CC,CC,CC
194200,TX,0x100,8,52,03,F2,01,00,0E,D2,00
194200,TX,0x101,6,C3,00,A9,02,00,00,CC,CC
194200,TX,0x200,4,00,00,00,04,CC,CC,CC,CC
194400,TX,0x100,8,52,03,F1,01,FA,0D,CC,00
194400,TX,0x101,6,C6,00,B0,02,00,00,CC,CC
194400,TX,0x200,4,00,00,00,04,CC,CC,CC,CC
194600,TX,0x100,8,52,03,F0,01,F9,0D,C3,00
194600,TX,0x101,6,C8,00,AC,02,00,00,CC,CC
194600,TX,0x200,4,00,00,00,04,CC,CC,CC,CC
194800,TX,0x100,8,52,03,F0,01,03,0E,C1,00
194800,TX,0x101,6,CC,00,AB,02,00,00,CC,CC
194800,TX,0x200,4,00,00,00,04,CC,CC,CC,CC
195000,TX,0x100,8,51,03,EF,01,03,0E,C1,00
195000,TX,0x101,6,C5,00,AD,02,00,00,CC,CC
195000,TX,0x200,4,00,00,00,04,CC,CC,CC,CC
195200,TX,0x100,8,52,03,EE,01,F7,0D,CA,00
195200,TX,0x101,6,C8,00,A7,02,00,00,CC,CC
195200,TX,0x200,4,00,00,00,04,CC,CC,CC,CC
195400,TX,0x100,8,52,03,ED,01,FE,0D,C3,00
195400,TX,0x101,6,CA,00,A7,02,00,00,CC,CC
195400,TX,0x200,4,00,00,00,04,CC,CC,CC,CC
195600,TX,0x100,8,52,03,EC,01,0F,0E,B8,00
195600,TX,0x101,6,C6,00,A9,02,00,00,CC,CC
195600,TX,0x200,4,00,00,00,04,CC,CC,CC,CC
195800,TX,0x100,8,52,03,EB,01,00,0E,CA,00
195800,TX,0x101,6,CB,00,A7,02,00,00,CC,CC
195800,TX,0x200,4,00,00,00,04,CC,CC,CC,CC
196000,TX,0x100,8,52,03,EB,01,FD,0D,C7,00
196000,TX,0x101,6,C6,00,A3,02,00,00,CC,CC
196000,TX,0x200,4,00,00,00,04,CC,CC,CC,CC
196200,TX,0x100,8,52,03,EA,01,FF,0D,C5,00
196200,TX,0x101,6,C9,00,A8,02,00,00,CC,CC
196200,TX,0x200,4,00,00,00,04,CC,CC,CC,CC
196400,TX,0x100,8,52,03,E9,01,05,0E,B4,00
196400,TX,0x101,6,C6,00,A8,02,00,00,CC,CC
196400,TX,0x200,4,00,00,00,04,CC,CC,CC,CC
196600,TX,0x100,8,52,03,E8,01,07,0E,D0,00
196600,TX,0x101,6,C5,00,A5,02,00,00,CC,CC
196600,TX,0x200,4,00,00,00,04,CC,CC,CC,CC
196800,TX,0x100,8,52,03,E7,01,FA,0D,C5,00
196800,TX,0x101,6,C8,00,A7,02,00,00,CC,CC
196800,TX,0x200,4,00,00,00,04,CC,CC,CC,CC
197000,TX,0x100,8,52,03,E6,01,05,0E,C9,00
197000,TX,0x101,6,C4,00,A4,02,00,00,CC,CC
197000,TX,0x200,4,00,00,00,04,CC,CC,CC,CC
197200,TX,0x100,8,52,03,E5,01,FF,0D,C2,00
197200,TX,0x101,6,CA,00,A1,02,00,00,CC,CC
197200,TX,0x200,4,00,00,00,04,CC,CC,CC,CC
197400,TX,0x100,8,52,03,E5,01,FB,0D,C4,00
197400,TX,0x101,6,C6,00,A1,02,00,00,CC,CC
197400,TX,0x200,4,00,00,00,04,CC,CC,CC,CC
197600,TX,0x100,8,52,03,E4,01,FE,0D,C9,00
197600,TX,0x101,6,C8,00,A7,02,00,00,CC,CC
197600,TX,0x200,4,00,00,00,04,CC,CC,CC,CC
197800,TX,0x100,8,51,03,E3,01,F4,0D,DC,00
197800,TX,0x101,6,C9,00,9F,02,00,00,CC,CC
197800,TX,0x200,4,00,00,00,04,CC,CC,CC,CC
198000,TX,0x100,8,52,03,E2,01,00,0E,C9,00
198000,TX,0x101,6,C2,00,A1,02,00,00,CC,CC
198000,TX,0x200,4,00,00,00,04,CC,CC,CC,CC
198200,TX,0x100,8,51,03,E1,01,FD,0D,C5,00
198200,TX,0x101,6,C9,00,9C,02,00,00,CC,CC
198200,TX,0x200,4,00,00,00,04,CC,CC,CC,CC
198400,TX,0x100,8,52,03,E0,01,01,0E,CF,00
198400,TX,0x101,6,C9,00,9F,02,00,00,CC,CC
198400,TX,0x200,4,00,00,00,04,CC,CC,CC,CC
198600,TX,0x100,8,51,03,E0,01,FD,0D,BD,00
198600,TX,0x101,6,C8,00,9F,02,00,00,CC,CC
198600,TX,0x200,4,00,00,00,04,CC,CC,CC,CC
198800,TX,0x100,8,51,03,DF,01,FB,0D,C4,00
198800,TX,0x101,6,C9,00,9D,02,00,00,CC,CC
198800,TX,0x200,4,00,00,00,04,CC,CC,CC,CC
199000,TX,0x100,8,51,03,DE,01,F8,0D,CB,00
199000,TX,0x101,6,CA,00,9B,02,00,00,CC,CC
199000,TX,0x200,4,00,00,00,04,CC,CC,CC,CC
199200,TX,0x100,8,51,03,DD,01,F6,0D,B8,00
199200,TX,0x101,6,C5,00,9E,02,00,00,CC,CC
199200,TX,0x200,4,00,00,00,04,CC,CC,CC,CC
199400,TX,0x100,8,51,03,DC,01,FF,0D,BF,00
199400,TX,0x101,6,C9,00,A0,02,00,00,CC,CC
199400,TX,0x200,4,00,00,00,04,CC,CC,CC,CC
199600,TX,0x100,8,51,03,DB,01,FC,0D,D2,00
199600,TX,0x101,6,C8,00,95,02,00,00,CC,CC
199600,TX,0x200,4,00,00,00,04,CC,CC,CC,CC
199800,TX,0x100,8,51,03,DA,01,F6,0D,CF,00
199800,TX,0x101,6,C8,00,9A,02,00,00,CC,CC
199800,TX,0x200,4,00,00,00,04,CC,CC,CC,CC
200000,TX,0x100,8,51,03,DA,01,FF,0D,CA,00
200000,TX,0x101,6,C8,00,94,02,00,00,CC,CC
200000,TX,0x200,4,00,00,00,04,CC,CC,CC,CC
200200,TX,0x100,8,50,03,D9,01,FB,0D,D4,00
200200,TX,0x101,6,CA,00,91,02,00,00,CC,CC
200200,TX,0x200,4,00,00,00,04,CC,CC,CC,CC
200400,TX,0x100,8,50,03,D8,01,06,0E,B8,00
200400,TX,0x101,6,CA,00,95,02,00,00,CC,CC
200400,TX,0x200,4,00,00,00,04,CC,CC,CC,CC
200600,TX,0x100,8,50,03,D7,01,FA,0D,CC,00
200600,TX,0x101,6,C6,00,91,02,00,00,CC,CC
200600,TX,0x200,4,00,00,00,04,CC,CC,CC,CC
200800,TX,0x100,8,50,03,D6,01,F7,0D,C0,00
200800,TX,0x101,6,C7,00,8D,02,00,00,CC,CC
200800,TX,0x200,4,00,00,00,04,CC,CC,CC,CC
201000,TX,0x100,8,50,03,D5,01,FD,0D,B5,00
201000,TX,0x101,6,C8,00,92,02,00,00,CC,CC
201000,TX,0x200,4,00,00,00,04,CC,CC,CC,CC
201200,TX,0x100,8,50,03,D5,01,FE,0D,BF,00
201200,TX,0x101,6,CA,00,8D,02,00,00,CC,CC
201200,TX,0x200,4,00,00,00,04,CC,CC,CC,CC
201400,TX,0x100,8,50,03,D4,01,FB,0D,B5,00
201400,TX,0x101,6,C9,00,8F,02,00,00,CC,CC
201400,TX,0x200,4,00,00,00,04,CC,CC,CC,CC
201600,TX,0x100,8,4F,03,D3,01,FE,0D,D3,00
201600,TX,0x101,6,C7,00,89,02,00,00,CC,CC
201600,TX,0x200,4,00,00,00,04,CC,CC,CC,CC
201800,TX,0x100,8,4E,03,D2,01,F8,0D,C1,00
201800,TX,0x101,6,C9,00,90,02,00,00,CC,CC
201800,TX,0x200,4,00,00,00,04,CC,CC,CC,CC
202000,TX,0x100,8,50,03,D1,01,F9,0D,CB,00
202000,TX,0x101,6,C9,00,86,02,00,00,CC,CC
202000,TX,0x200,4,00,00,00,04,CC,CC,CC,CC
202200,TX,0x100,8,4F,03,D0,01,F1,0D,CB,00
202200,TX,0x101,6,C8,00,88,02,00,00,CC,CC
202200,TX,0x200,4,00,00,00,04,CC,CC,CC,CC
202400,TX,0x100,8,4F,03,CF,01,F6,0D,CB,00
202400,TX,0x101,6,C6,00,89,02,00,00,CC,CC
202400,TX,0x200,4,00,00,00,04,CC,CC,CC,CC
202600,TX,0x100,8,4E,03,CF,01,F6,0D,D3,00
202600,TX,0x101,6,C3,00,88,02,00,00,CC,CC
202600,TX,0x200,4,00,00,00,04,CC,CC,CC,CC
202800,TX,0x100,8,4E,03,CE,01,F5,0D,D3,00
202800,TX,0x101,6,C9,00,88,02,00,00,CC,CC
202800,TX,0x200,4,00,00,00,04,CC,CC,CC,CC
203000,TX,0x100,8,4E,03,CD,01,F9,0D,C0,00
203000,TX,0x101,6,C8,00,87,02,00,00,CC,CC
203000,TX,0x200,4,00,00,00,04,CC,CC,CC,CC
203200,TX,0x100,8,4E,03,CC,01,FB,0D,C2,00
203200,TX,0x101,6,C9,00,81,02,00,00,CC,CC
203200,TX,0x200,4,00,00,00,04,CC,CC,CC,CC
203400,TX,0x100,8,4E,03,CB,01,FB,0D,CF,00
203400,TX,0x101,6,C7,00,82,02,00,00,CC,CC
203400,TX,0x200,4,00,00,00,04,CC,CC,CC,CC
203600,TX,0x100,8,4E,03,CA,01,F8,0D,D0,00
203600,TX,0x101,6,C6,00,82,02,00,00,CC,CC
203600,TX,0x200,4,00,00,00,04,CC,CC,CC,CC
203800,TX,0x100,8,4E,03,C9,01,F3,0D,C7,00
203800,TX,0x101,6,C7,00,80,02,00,00,CC,CC
203800,TX,0x200,4,00,00,00,04,CC,CC,CC,CC
204000,TX,0x100,8,4E,03,C9,01,F9,0D,D5,00
204000,TX,0x101,6,CC,00,7F,02,00,00,CC,CC
204000,TX,0x200,4,00,00,00,04,CC,CC,CC,CC
204200,TX,0x100,8,4D,03,C8,01,F5,0D,BB,00
204200,TX,0x101,6,C9,00,7C,02,00,00,CC,CC
204200,TX,0x200,4,00,00,00,04,CC,CC,CC,CC
204400,TX,0x100,8,4D,03,C7,01,F9,0D,CA,00
204400,TX,0x101,6,C9,00,7B,02,00,00,CC,CC
204400,TX,0x200,4,00,00,00,04,CC,CC,CC,CC
204600,TX,0x100,8,4D,03,C6,01,F4,0D,C7,00
204600,TX,0x101,6,C5,00,7D,02,00,00,CC,CC
204600,TX,0x200,4,00,00,00,04,CC,CC,CC,CC
204800,TX,0x100,8,4D,03,C5,01,F8,0D,D2,00
204800,TX,0x101,6,C5,00,75,02,00,00,CC,CC
204800,TX,0x200,4,00,00,00,04,CC,CC,CC,CC
205000,TX,0x100,8,4D,03,C4,01,F8,0D,CC,00
205000,TX,0x101,6,C6,00,78,02,00,00,CC,CC
205000,TX,0x200,4,00,00,00,04,CC,CC,CC,CC
205200,TX,0x100,8,4D,03,C4,01,FD,0D,C5,00
205200,TX,0x101,6,C5,00,79,02,00,00,CC,CC
205200,TX,0x200,4,00,00,00,04,CC,CC,CC,CC
205400,TX,0x100,8,4D,03,C3,01,F1,0D,CD,00
205400,TX,0x101,6,C6,00,75,02,00,00,CC,CC
205400,TX,0x200,4,00,00,00,04,CC,CC,CC,CC
205600,TX,0x100,8,4C,03,C2,01,F0,0D,B8,00
205600,TX,0x101,6,C6,00,77,02,00,00,CC,CC
205600,TX,0x200,4,00,00,00,04,CC,CC,CC,CC
205800,TX,0x100,8,4D,03,C1,01,F3,0D,CD,00
205800,TX,0x101,6,C8,00,76,02,00,00,CC,CC
205800,TX,0x200,4,00,00,00,04,CC,CC,CC,CC
206000,TX,0x100,8,4C,03,C0,01,FA,0D,D0,00
206000,TX,0x101,6,CC,00,74,02,00,00,CC,CC
206000,TX,0x200,4,00,00,00,04,CC,CC,CC,CC
206200,TX,0x100,8,4C,03,BF,01,F7,0D,BE,00
206200,TX,0x101,6,C6,00,70,02,00,00,CC,CC
206200,TX,0x200,4,00,00,00,04,CC,CC,CC,CC
206400,TX,0x100,8,4C,03,BE,01,F5,0D,CA,00
206400,TX,0x101,6,C6,00,6D,02,00,00,CC,CC
206400,TX,0x200,4,00,00,00,04,CC,CC,CC,CC
206600,TX,0x100,8,4C,03,BE,01,ED,0D,BA,00
206600,TX,0x101,6,C7,00,6E,02,00,00,CC,CC
206600,TX,0x200,4,00,00,00,04,CC,CC,CC,CC
206800,TX,0x100,8,4C,03,BD,01,FB,0D,C3,00
206800,TX,0x101,6,C5,00,6F,02,00,00,CC,CC
206800,TX,0x200,4,00,00,00,04,CC,CC,CC,CC
207000,TX,0x100,8,4B,03,BC,01,F3,0D,CF,00
207000,TX,0x101,6,C8,00,71,02,00,00,CC,CC
207000,TX,0x200,4,00,00,00,04,CC,CC,CC,CC
207200,TX,0x100,8,4B,03,BB,01,F1,0D,C9,00
207200,TX,0x101,6,C9,00,68,02,00,00,CC,CC
207200,TX,0x200,4,00,00,00,04,CC,CC,CC,CC
207400,TX,0x100,8,4B,03,BA,01,EF,0D,DA,00
207400,TX,0x101,6,C8,00,67,02,00,00,CC,CC
207400,TX,0x200,4,00,00,00,04,CC,CC,CC,CC
207600,TX,0x100,8,4C,03,B9,01,F4,0D,D1,00
207600,TX,0x101,6,C5,00,68,02,00,00,CC,CC
207600,TX,0x200,4,00,00,00,04,CC,CC,CC,CC
207800,TX,0x100,8,4B,03,B8,01,E2,0D,C2,00
207800,TX,0x101,6,CA,00,66,02,00,00,CC,CC
207800,TX,0x200,4,00,00,00,04,CC,CC,CC,CC
208000,TX,0x100,8,4B,03,B8,01,F9,0D,C9,00
208000,TX,0x101,6,C9,00,63,02,00,00,CC,CC
208000,TX,0x200,4,00,00,00,04,CC,CC,CC,CC
208200,TX,0x100,8,4B,03,B7,01,EC,0D,D5,00
208200,TX,0x101,6,C8,00,60,02,00,00,CC,CC
208200,TX,0x200,4,00,00,00,04,CC,CC,CC,CC
208400,TX,0x100,8,4B,03,B6,01,F5,0D,CE,00
208400,TX,0x101,6,C6,00,62,02,00,00,CC,CC
208400,TX,0x200,4,00,00,00,04,CC,CC,CC,CC
208600,TX,0x100,8,4B,03,B5,01,F8,0D,CB,00
208600,TX,0x101,6,C9,00,5D,02,00,00,CC,CC
208600,TX,0x200,4,00,00,00,04,CC,CC,CC,CC
208800,TX,0x100,8,4A,03,B4,01,EC,0D,BF,00
208800,TX,0x101,6,CA,00,67,02,00,00,CC,CC
208800,TX,0x200,4,00,00,00,04,CC,CC,CC,CC
209000,TX,0x100,8,4B,03,B3,01,F3,0D,D5,00
209000,TX,0x101,6,C7,00,5E,02,00,00,CC,CC
209000,TX,0x200,4,00,00,00,04,CC,CC,CC,CC
209200,TX,0x100,8,4A,03,B2,01,ED,0D,CD,00
209200,TX,0x101,6,CA,00,5F,02,00,00,CC,CC
209200,TX,0x200,4,00,00,00,04,CC,CC,CC,CC
209400,TX,0x100,8,4B,03,B2,01,F2,0D,CE,00
209400,TX,0x101,6,C5,00,5C,02,00,00,CC,CC
209400,TX,0x200,4,00,00,00,04,CC,CC,CC,CC
209600,TX,0x100,8,4B,03,B1,01,F1,0D,BE,00
209600,TX,0x101,6,C4,00,5B,02,00,00,CC,CC
209600,TX,0x200,4,00,00,00,04,CC,CC,CC,CC
209800,TX,0x100,8,4A,03,B0,01,F7,0D,B6,00
209800,TX,0x101,6,C8,00,5E,02,00,00,CC,CC
209800,TX,0x200,4,00,00,00,04,CC,CC,CC,CC
210000,TX,0x100,8,4A,03,AF,01,F9,0D,D1,00
210000,TX,0x101,6,C9,00,60,02,00,00,CC,CC
210000,TX,0x200,4,00,00,00,04,CC,CC,CC,CC
210200,TX,0x100,8,4A,03,AE,01,E4,0D,CC,00
210200,TX,0x101,6,C6,00,55,02,00,00,CC,CC
210200,TX,0x200,4,00,00,00,04,CC,CC,CC,CC
210400,TX,0x100,8,4A,03,AD,01,F4,0D,B9,00
210400,TX,0x101,6,C9,00,58,02,00,00,CC,CC
210400,TX,0x200,4,00,00,00,04,CC,CC,CC,CC
210600,TX,0x100,8,49,03,AD,01,EB,0D,CA,00
210600,TX,0x101,6,CD,00,57,02,00,00,CC,CC
210600,TX,0x200,4,00,00,00,04,CC,CC,CC,CC
210800,TX,0x100,8,4A,03,AC,01,E5,0D,C5,00
210800,TX,0x101,6,C6,00,57,02,00,00,CC,CC
210800,TX,0x200,4,00,00,00,04,CC,CC,CC,CC
211000,TX,0x100,8,49,03,AB,01,EC,0D,B8,00
211000,TX,0x101,6,C8,00,4F,02,00,00,CC,CC
211000,TX,0x200,4,00,00,00,04,CC,CC,CC,CC
211200,TX,0x100,8,4A,03,AA,01,F3,0D,DD,00
211200,TX,0x101,6,C4,00,54,02,00,00,CC,CC
211200,TX,0x200,4,00,00,00,04,CC,CC,CC,CC
211400,TX,0x100,8,49,03,A9,01,EB,0D,C4,00
211400,TX,0x101,6,C9,00,53,02,00,00,CC,CC
211400,TX,0x200,4,00,00,00,04,CC,CC,CC,CC
211600,TX,0x100,8,4A,03,A8,01,E9,0D,B5,00
211600,TX,0x101,6,C9,00,50,02,00,00,CC,CC
211600,TX,0x200,4,00,00,00,04,CC,CC,CC,CC
211800,TX,0x100,8,4A,03,A7,01,F4,0D,C5,00
211800,TX,0x101,6,C6,00,4F,02,00,00,CC,CC
211800,TX,0x200,4,00,00,00,04,CC,CC,CC,CC
212000,TX,0x100,8,49,03,A7,01,EF,0D,C8,00
212000,TX,0x101,6,C9,00,4F,02,00,00,CC,CC
212000,TX,0x200,4,00,00,00,04,CC,CC,CC,CC
212200,TX,0x100,8,49,03,A6,01,F3,0D,C8,00
212200,TX,0x101,6,C8,00,52,02,00,00,CC,CC
212200,TX,0x200,4,00,00,00,04,CC,CC,CC,CC
212400,TX,0x100,8,4A,03,A5,01,EE,0D,D2,00
212400,TX,0x101,6,CA,00,4C,02,00,00,CC,CC
212400,TX,0x200,4,00,00,00,04,CC,CC,CC,CC
212600,TX,0x100,8,49,03,A4,01,F3,0D,C3,00
212600,TX,0x101,6,C5,00,48,02,00,00,CC,CC
212600,TX,0x200,4,00,00,00,04,CC,CC,CC,CC
212800,TX,0x100,8,49,03,A3,01,F1,0D,C0,00
212800,TX,0x101,6,C8,00,4C,02,00,00,CC,CC
212800,TX,0x200,4,00,00,00,04,CC,CC,CC,CC
213000,TX,0x100,8,49,03,A2,01,FA,0D,C8,00
213000,TX,0x101,6,C9,00,44,02,00,00,CC,CC
213000,TX,0x200,4,00,00,00,04,CC,CC,CC,CC
213200,TX,0x100,8,49,03,A1,01,F2,0D,C4,00
213200,TX,0x101,6,CA,00,49,02,00,00,CC,CC
213200,TX,0x200,4,00,00,00,04,CC,CC,CC,CC
213400,TX,0x100,8,48,03,A1,01,EA,0D,BF,00
213400,TX,0x101,6,C9,00,44,02,00,00,CC,CC
213400,TX,0x200,4,00,00,00,04,CC,CC,CC,CC
213600,TX,0x100,8,49,03,A0,01,EB,0D,CD,00
213600,TX,0x101,6,C7,00,47,02,00,00,CC,CC
213600,TX,0x200,4,00,00,00,04,CC,CC,CC,CC
213800,TX,0x100,8,48,03,9F,01,E9,0D,C3,00
213800,TX,0x101,6,C7,00,42,02,00,00,CC,CC
213800,TX,0x200,4,00,00,00,04,CC,CC,CC,CC
214000,TX,0x100,8,48,03,9E,01,F1,0D,C9,00
214000,TX,0x101,6,C7,00,41,02,00,00,CC,CC
214000,TX,0x200,4,00,00,00,04,CC,CC,CC,CC
214200,TX,0x100,8,49,03,9D,01,F2,0D,CF,00
214200,TX,0x101,6,C5,00,42,02,00,00,CC,CC
214200,TX,0x200,4,00,00,00,04,CC,CC,CC,CC
214400,TX,0x100,8,49,03,9C,01,ED,0D,B5,00
214400,TX,0x101,6,C8,00,38,02,00,00,CC,CC
214400,TX,0x200,4,00,00,00,04,CC,CC,CC,CC
214600,TX,0x100,8,48,03,9B,01,E8,0D,D2,00
214600,TX,0x101,6,C5,00,3E,02,00,00,CC,CC
214600,TX,0x200,4,00,00,00,04,CC,CC,CC,CC
214800,TX,0x100,8,48,03,9B,01,EE,0D,C8,00
214800,TX,0x101,6,C4,00,41,02,00,00,CC,CC
214800,TX,0x200,4,00,00,00,04,CC,CC,CC,CC
215000,TX,0x100,8,48,03,9A,01,F0,0D,CB,00
215000,TX,0x101,6,C9,00,38,02,00,00,CC,CC
215000,TX,0x200,4,00,00,00,04,CC,CC,CC,CC
215200,TX,0x100,8,48,03,99,01,EE,0D,C3,00
215200,TX,0x101,6,CB,00,3A,02,00,00,CC,CC
215200,TX,0x200,4,00,00,00,04,CC,CC,CC,CC
215400,TX,0x100,8,48,03,98,01,E6,0D,CD,00
215400,TX,0x101,6,C9,00,35,02,00,00,CC,CC
215400,TX,0x200,4,00,00,00,04,CC,CC,CC,CC
215600,TX,0x100,8,48,03,97,01,EB,0D,CB,00
215600,TX,0x101,6,C8,00,37,02,00,00,CC,CC
215600,TX,0x200,4,00,00,00,04,CC,CC,CC,CC
215800,TX,0x100,8,48,03,96,01,E9,0D,BA,00
215800,TX,0x101,6,C9,00,36,02,00,00,CC,CC
215800,TX,0x200,4,00,00,00,04,CC,CC,CC,CC
216000,TX,0x100,8,47,03,96,01,F1,0D,D6,00
216000,TX,0x101,6,C6,00,37,02,00,00,CC,CC
216000,TX,0x200,4,00,00,00,04,CC,CC,CC,CC
216200,TX,0x100,8,48,03,95,01,EA,0D,D9,00
216200,TX,0x101,6,C8,00,32,02,00,00,CC,CC
216200,TX,0x200,4,00,00,00,04,CC,CC,CC,CC
216400,TX,0x100,8,48,03,94,01,E9,0D,BD,00
216400,TX,0x101,6,C5,00,36,02,00,00,CC,CC
216400,TX,0x200,4,00,00,00,04,CC,CC,CC,CC
216600,TX,0x100,8,48,03,93,01,ED,0D,CA,00
216600,TX,0x101,6,C8,00,31,02,00,00,CC,CC
216600,TX,0x200,4,00,00,00,04,CC,CC,CC,CC
216800,TX,0x100,8,47,03,92,01,EF,0D,C1,00
216800,TX,0x101,6,C7,00,2D,02,00,00,CC,CC
216800,TX,0x200,4,00,00,00,04,CC,CC,CC,CC
217000,TX,0x100,8,47,03,91,01,E8,0D,C8,00
217000,TX,0x101,6,C6,00,34,02,00,00,CC,CC
217000,TX,0x200,4,00,00,00,04,CC,CC,CC,CC
217200,TX,0x100,8,48,03,90,01,E8,0D,CE,00
217200,TX,0x101,6,C8,00,2D,02,00,00,CC,CC
217200,TX,0x200,4,00,00,00,04,CC,CC,CC,CC
217400,TX,0x100,8,48,03,90,01,EB,0D,BD,00
217400,TX,0x101,6,CA,00,32,02,00,00,CC,CC
217400,TX,0x200,4,00,00,00,04,CC,CC,CC,CC
217600,TX,0x100,8,48,03,8F,01,E2,0D,C1,00
217600,TX,0x101,6,C9,00,2E,02,00,00,CC,CC
217600,TX,0x200,4,00,00,00,04,CC,CC,CC,CC
217800,TX,0x100,8,47,03,8E,01,E4,0D,C5,00
217800,TX,0x101,6,C9,00,2D,02,00,00,CC,CC
217800,TX,0x200,4,00,00,00,04,CC,CC,CC,CC
218000,TX,0x100,8,48,03,8D,01,E2,0D,C5,00
218000,TX,0x101,6,C6,00,26,02,00,00,CC,CC
218000,TX,0x200,4,00,00,00,04,CC,CC,CC,CC
218200,TX,0x100,8,48,03,8C,01,E4,0D,C7,00
218200,TX,0x101,6,C7,00,25,02,00,00,CC,CC
218200,TX,0x200,4,00,00,00,04,CC,CC,CC,CC
218400,TX,0x100,8,48,03,8B,01,E6,0D,D3,00
218400,TX,0x101,6,C8,00,2C,02,00,00,CC,CC
218400,TX,0x200,4,00,00,00,04,CC,CC,CC,CC
218600,TX,0x100,8,47,03,8A,01,E4,0D,BB,00
218600,TX,0x101,6,C6,00,26,02,00,00,CC,CC
218600,TX,0x200,4,00,00,00,04,CC,CC,CC,CC
218800,TX,0x100,8,47,03,8A,01,ED,0D,D3,00
218800,TX,0x101,6,C8,00,28,02,00,00,CC,CC
218800,TX,0x200,4,00,00,00,04,CC,CC,CC,CC
219000,TX,0x100,8,47,03,89,01,EE,0D,B9,00
219000,TX,0x101,6,C8,00,24,02,00,00,CC,CC
219000,TX,0x200,4,00,00,00,04,CC,CC,CC,CC
219200,TX,0x100,8,47,03,88,01,E7,0D,CB,00
219200,TX,0x101,6,C5,00,21,02,00,00,CC,CC
219200,TX,0x200,4,00,00,00,04,CC,CC,CC,CC
219400,TX,0x100,8,47,03,87,01,E3,0D,C7,00
219400,TX,0x101,6,CA,00,1F,02,00,00,CC,CC
219400,TX,0x200,4,00,00,00,04,CC,CC,CC,CC
219600,TX,0x100,8,47,03,86,01,F0,0D,CE,00
219600,TX,0x101,6,C9,00,20,02,00,00,CC,CC
219600,TX,0x200,4,00,00,00,04,CC,CC,CC,CC
219800,TX,0x100,8,47,03,85,01,E7,0D,D1,00
219800,TX,0x101,6,C9,00,21,02,00,00,CC,CC
219800,TX,0x200,4,00,00,00,04,CC,CC,CC,CC
220000,TX,0x100,8,47,03,84,01,E3,0D,CD,00
220000,TX,0x101,6,C7,00,1F,02,00,00,CC,CC
220000,TX,0x200,4,00,00,00,04,CC,CC,CC,CC
220200,TX,0x100,8,47,03,84,01,E6,0D,BE,00
220200,TX,0x101,6,C5,00,21,02,00,00,CC,CC
220200,TX,0x200,4,00,00,00,04,CC,CC,CC,CC
220400,TX,0x100,8,47,03,83,01,E4,0D,D5,00
220400,TX,0x101,6,C9,00,1F,02,00,00,CC,CC
220400,TX,0x200,4,00,00,00,04,CC,CC,CC,CC
220600,TX,0x100,8,47,03,82,01,EF,0D,D0,00
220600,TX,0x101,6,C8,00,1B,02,00,00,CC,CC
220600,TX,0x200,4,00,00,00,04,CC,CC,CC,CC
220800,TX,0x100,8,47,03,81,01,E4,0D,BD,00
220800,TX,0x101,6,C5,00,19,02,00,00,CC,CC
220800,TX,0x200,4,00,00,00,04,CC,CC,CC,CC
221000,TX,0x100,8,46,03,80,01,E3,0D,C6,00
221000,TX,0x101,6,C7,00,1E,02,00,00,CC,CC
221000,TX,0x200,4,00,00,00,04,CC,CC,CC,CC
221200,TX,0x100,8,47,03,7F,01,DF,0D,D1,00
221200,TX,0x101,6,C8,00,1B,02,00,00,CC,CC
221200,TX,0x200,4,00,00,00,04,CC,CC,CC,CC
221400,TX,0x100,8,46,03,7F,01,EE,0D,C9,00
221400,TX,0x101,6,CA,00,16,02,00,00,CC,CC
221400,TX,0x200,4,00,00,00,04,CC,CC,CC,CC
221600,TX,0x100,8,47,03,7E,01,E2,0D,BA,00
221600,TX,0x101,6,C4,00,18,02,00,00,CC,CC
221600,TX,0x200,4,00,00,00,04,CC,CC,CC,CC
221800,TX,0x100,8,47,03,7D,01,EA,0D,B4,00
221800,TX,0x101,6,C7,00,18,02,00,00,CC,CC
221800,TX,0x200,4,00,00,00,04,CC,CC,CC,CC
222000,TX,0x100,8,46,03,7C,01,E6,0D,C1,00
222000,TX,0x101,6,CC,00,1B,02,00,00,CC,CC
222000,TX,0x200,4,00,00,00,04,CC,CC,CC,CC
222200,TX,0x100,8,46,03,7B,01,EA,0D,C5,00
222200,TX,0x101,6,C8,00,19,02,00,00,CC,CC
222200,TX,0x200,4,00,00,00,04,CC,CC,CC,CC
222400,TX,0x100,8,47,03,7A,01,EB,0D,C0,00
222400,TX,0x101,6,C9,00,14,02,00,00,CC,CC
222400,TX,0x200,4,00,00,00,04,CC,CC,CC,CC
222600,TX,0x100,8,46,03,79,01,DD,0D,D7,00
222600,TX,0x101,6,C9,00,14,02,00,00,CC,CC
222600,TX,0x200,4,00,00,00,04,CC,CC,CC,CC
222800,TX,0x100,8,2A,03,79,01,EB,0D,C7,00
222800,TX,0x101,6,C7,00,13,02,00,00,CC,CC
222800,TX,0x200,4,00,00,00,04,CC,CC,CC,CC
223000,TX,0x100,8,0F,03,78,01,E1,0D,D0,00
223000,TX,0x101,6,C7,00,17,02,00,00,CC,CC
223000,TX,0x200,4,00,00,00,04,CC,CC,CC,CC
223200,TX,0x100,8,F8,02,77,01,E6,0D,0D,01
223200,TX,0x101,6,C3,00,10,02,00,00,CC,CC
223200,TX,0x200,4,00,00,00,04,CC,CC,CC,CC
223400,TX,0x100,8,E2,02,76,01,E3,0D,58,01
223400,TX,0x101,6,C6,00,13,02,00,00,CC,CC
223400,TX,0x200,4,00,00,00,04,CC,CC,CC,CC
223600,TX,0x100,8,CD,02,76,01,E5,0D,90,01
223600,TX,0x101,6,C3,00,09,02,00,00,CC,CC
223600,TX,0x200,4,00,00,00,04,CC,CC,CC,CC
223800,TX,0x100,8,B9,02,75,01,E6,0D,BA,01
223800,TX,0x101,6,C8,00,10,02,00,00,CC,CC
223800,TX,0x200,4,00,00,00,04,CC,CC,CC,CC
224000,TX,0x100,8,A7,02,74,01,E6,0D,02,02
224000,TX,0x101,6,C8,00,0D,02,00,00,CC,CC
224000,TX,0x200,4,00,00,00,04,CC,CC,CC,CC
224200,TX,0x100,8,95,02,73,01,E1,0D,2A,02
224200,TX,0x101,6,CA,00,0A,02,00,00,CC,CC
224200,TX,0x200,4,00,00,00,04,CC,CC,CC,CC
224400,TX,0x100,8,84,02,72,01,EA,0D,46,02
224400,TX,0x101,6,C9,00,11,02,00,00,CC,CC
224400,TX,0x200,4,00,00,00,04,CC,CC,CC,CC
224600,TX,0x100,8,74,02,72,01,E8,0D,71,02
224600,TX,0x101,6,C9,00,08,02,00,00,CC,CC
224600,TX,0x200,4,00,00,00,04,CC,CC,CC,CC
224800,TX,0x100,8,66,02,71,01,E3,0D,9F,02
224800,TX,0x101,6,C8,00,0E,02,00,00,CC,CC
224800,TX,0x200,4,00,00,00,04,CC,CC,CC,CC
225000,TX,0x100,8,57,02,70,01,E7,0D,CB,02
225000,TX,0x101,6,C9,00,0C,02,00,00,CC,CC
225000,TX,0x200,4,00,00,00,04,CC,CC,CC,CC
225200,TX,0x100,8,49,02,6F,01,DD,0D,D2,02
225200,TX,0x101,6,C9,00,07,02,00,00,CC,CC
225200,TX,0x200,4,00,00,00,04,CC,CC,CC,CC
225400,TX,0x100,8,3D,02,6E,01,E3,0D,FC,02
225400,TX,0x101,6,C8,00,07,02,00,00,CC,CC
225400,TX,0x200,4,00,00,00,04,CC,CC,CC,CC
225600,TX,0x100,8,31,02,6E,01,E4,0D,18,03
225600,TX,0x101,6,C7,00,0A,02,00,00,CC,CC
225600,TX,0x200,4,00,00,00,04,CC,CC,CC,CC
225800,TX,0x100,8,25,02,6D,01,E2,0D,31,03
225800,TX,0x101,6,C9,00,03,02,00,00,CC,CC
225800,TX,0x200,4,00,00,00,04,CC,CC,CC,CC
226000,TX,0x100,8,1B,02,6C,01,E4,0D,4B,03
226000,TX,0x101,6,C7,00,04,02,00,00,CC,CC
226000,TX,0x200,4,00,00,00,04,CC,CC,CC,CC
226200,TX,0x100,8,0F,02,6B,01,DB,0D,5B,03
226200,TX,0x101,6,CD,00,0D,02,00,00,CC,CC
226200,TX,0x200,4,00,00,00,04,CC,CC,CC,CC
226400,TX,0x100,8,06,02,6B,01,DB,0D,72,03
226400,TX,0x101,6,C6,00,09,02,00,00,CC,CC
226400,TX,0x200,4,00,00,00,04,CC,CC,CC,CC
226600,TX,0x100,8,FD,01,6A,01,D7,0D,86,03
226600,TX,0x101,6,C4,00,09,02,00,00,CC,CC
226600,TX,0x200,4,00,00,00,04,CC,CC,CC,CC
226800,TX,0x100,8,F4,01,69,01,DB,0D,99,03
226800,TX,0x101,6,C7,00,08,02,00,00,CC,CC
226800,TX,0x200,4,00,00,00,04,CC,CC,CC,CC
227000,TX,0x100,8,EC,01,68,01,D4,0D,AA,03
227000,TX,0x101,6,C5,00,08,02,00,00,CC,CC
227000,TX,0x200,4,00,00,00,04,CC,CC,CC,CC
227200,TX,0x100,8,E4,01,68,01,D8,0D,AD,03
227200,TX,0x101,6,C2,00,0A,02,00,00,CC,CC
227200,TX,0x200,4,00,00,00,04,CC,CC,CC,CC
227400,TX,0x100,8,DD,01,67,01,DB,0D,CD,03
227400,TX,0x101,6,C3,00,06,02,00,00,CC,CC
227400,TX,0x200,4,00,00,00,04,CC,CC,CC,CC
227600,TX,0x100,8,D6,01,66,01,D4,0D,C8,03
227600,TX,0x101,6,C7,00,0B,02,00,00,CC,CC
227600,TX,0x200,4,00,00,00,04,CC,CC,CC,CC
227800,TX,0x100,8,CF,01,65,01,D9,0D,D1,03
227800,TX,0x101,6,C8,00,07,02,00,00,CC,CC
227800,TX,0x200,4,00,00,00,04,CC,CC,CC,CC
228000,TX,0x100,8,C9,01,65,01,D9,0D,D7,03
228000,TX,0x101,6,C7,00,08,02,00,00,CC,CC
228000,TX,0x200,4,00,00,00,04,CC,CC,CC,CC
228200,TX,0x100,8,C3,01,64,01,D8,0D,DA,03
228200,TX,0x101,6,C6,00,06,02,00,00,CC,CC
228200,TX,0x200,4,00,00,00,04,CC,CC,CC,CC
228400,TX,0x100,8,BE,01,63,01,DC,0D,EF,03
228400,TX,0x101,6,C4,00,06,02,00,00,CC,CC
228400,TX,0x200,4,00,00,00,04,CC,CC,CC,CC
228600,TX,0x100,8,B8,01,62,01,D6,0D,EE,03
228600,TX,0x101,6,C4,00,0B,02,00,00,CC,CC
228600,TX,0x200,4,00,00,00,04,CC,CC,CC,CC
228800,TX,0x100,8,B3,01,62,01,CE,0D,05,04
228800,TX,0x101,6,C8,00,07,02,00,00,CC,CC
228800,TX,0x200,4,00,00,00,04,CC,CC,CC,CC
229000,TX,0x100,8,AE,01,61,01,D0,0D,04,04
229000,TX,0x101,6,CA,00,0D,02,00,00,CC,CC
229000,TX,0x200,4,00,00,00,04,CC,CC,CC,CC
229200,TX,0x100,8,AA,01,60,01,D5,0D,0A,04
229200,TX,0x101,6,C6,00,08,02,00,00,CC,CC
229200,TX,0x200,4,00,00,00,04,CC,CC,CC,CC
229400,TX,0x100,8,A6,01,60,01,CF,0D,0C,04
229400,TX,0x101,6,C8,00,09,02,00,00,CC,CC
229400,TX,0x200,4,00,00,00,04,CC,CC,CC,CC
229600,TX,0x100,8,A2,01,5F,01,D5,0D,19,04
229600,TX,0x101,6,CA,00,11,02,00,00,CC,CC
229600,TX,0x200,4,00,00,00,04,CC,CC,CC,CC
229800,TX,0x100,8,9E,01,5E,01,D7,0D,1D,04
229800,TX,0x101,6,CB,00,0E,02,00,00,CC,CC
229800,TX,0x200,4,00,00,00,04,CC,CC,CC,CC
230000,TX,0x100,8,9B,01,5E,01,D0,0D,1F,04
230000,TX,0x101,6,C8,00,13,02,00,00,CC,CC
230000,TX,0x200,4,00,00,00,04,CC,CC,CC,CC
230200,TX,0x100,8,97,01,5D,01,D6,0D,2A,04
230200,TX,0x101,6,CA,00,0E,02,00,00,CC,CC
230200,TX,0x200,4,00,00,00,04,CC,CC,CC,CC
230400,TX,0x100,8,94,01,5C,01,D0,0D,1B,04
230400,TX,0x101,6,C6,00,17,02,00,00,CC,CC
230400,TX,0x200,4,00,00,00,04,CC,CC,CC,CC
230600,TX,0x100,8,91,01,5B,01,D3,0D,2C,04
230600,TX,0x101,6,C9,00,0C,02,00,00,CC,CC
230600,TX,0x200,4,00,00,00,04,CC,CC,CC,CC
230800,TX,0x100,8,8E,01,5B,01,CF,0D,25,04
230800,TX,0x101,6,C6,00,0E,02,00,00,CC,CC
230800,TX,0x200,4,00,00,00,04,CC,CC,CC,CC
231000,TX,0x100,8,8C,01,5A,01,CF,0D,35,04
231000,TX,0x101,6,C6,00,13,02,00,00,CC,CC
231000,TX,0x200,4,00,00,00,04,CC,CC,CC,CC
231200,TX,0x100,8,8A,01,59,01,C4,0D,34,04
231200,TX,0x101,6,CA,00,13,02,00,00,CC,CC
231200,TX,0x200,4,00,00,00,04,CC,CC,CC,CC
231400,TX,0x100,8,87,01,58,01,CC,0D,28,04
231400,TX,0x101,6,C8,00,0E,02,00,00,CC,CC
231400,TX,0x200,4,00,00,00,04,CC,CC,CC,CC
231600,TX,0x100,8,85,01,58,01,D1,0D,35,04
231600,TX,0x101,6,C9,00,11,02,00,00,CC,CC
231600,TX,0x200,4,00,00,00,04,CC,CC,CC,CC
231800,TX,0x100,8,82,01,57,01,C7,0D,27,04
231800,TX,0x101,6,CB,00,11,02,00,00,CC,CC
231800,TX,0x200,4,00,00,00,04,CC,CC,CC,CC
232000,TX,0x100,8,81,01,56,01,CB,0D,3C,04
232000,TX,0x101,6,C8,00,18,02,00,00,CC,CC
232000,TX,0x200,4,00,00,00,04,CC,CC,CC,CC
232200,TX,0x100,8,7E,01,55,01,C6,0D,3B,04
232200,TX,0x101,6,C7,00,18,02,00,00,CC,CC
232200,TX,0x200,4,00,00,00,04,CC,CC,CC,CC
232400,TX,0x100,8,7D,01,55,01,CC,0D,38,04
232400,TX,0x101,6,C5,00,16,02,00,00,CC,CC
232400,TX,0x200,4,00,00,00,04,CC,CC,CC,CC
232600,TX,0x100,8,7C,01,54,01,C8,0D,44,04
232600,TX,0x101,6,C4,00,16,02,00,00,CC,CC
232600,TX,0x200,4,00,00,00,04,CC,CC,CC,CC
232800,TX,0x100,8,79,01,53,01,CA,0D,39,04
232800,TX,0x101,6,C6,00,18,02,00,00,CC,CC
232800,TX,0x200,4,00,00,00,04,CC,CC,CC,CC
233000,TX,0x100,8,78,01,52,01,BF,0D,30,04
233000,TX,0x101,6,CB,00,1A,02,00,00,CC,CC
233000,TX,0x200,4,00,00,00,04,CC,CC,CC,CC
233200,TX,0x100,8,77,01,52,01,CB,0D,39,04
233200,TX,0x101,6,C4,00,1A,02,00,00,CC,CC
233200,TX,0x200,4,00,00,00,04,CC,CC,CC,CC
233400,TX,0x100,8,76,01,51,01,C8,0D,35,04
233400,TX,0x101,6,CC,00,1E,02,00,00,CC,CC
233400,TX,0x200,4,00,00,00,04,CC,CC,CC,CC
233600,TX,0x100,8,76,01,50,01,C9,0D,39,04
233600,TX,0x101,6,C9,00,1A,02,00,00,CC,CC
233600,TX,0x200,4,00,00,00,04,CC,CC,CC,CC
233800,TX,0x100,8,76,01,4F,01,C8,0D,40,04
233800,TX,0x101,6,C8,00,23,02,00,00,CC,CC
233800,TX,0x200,4,00,00,00,04,CC,CC,CC,CC
234000,TX,0x100,8,77,01,4F,01,BF,0D,4A,04
234000,TX,0x101,6,C3,00,21,02,00,00,CC,CC
234000,TX,0x200,4,00,00,00,04,CC,CC,CC,CC
234200,TX,0x100,8,77,01,4E,01,BE,0D,52,04
234200,TX,0x101,6,C6,00,21,02,00,00,CC,CC
234200,TX,0x200,4,00,00,00,04,CC,CC,CC,CC
234400,TX,0x100,8,77,01,4D,01,D0,0D,4A,04
234400,TX,0x101,6,C8,00,26,02,00,00,CC,CC
234400,TX,0x200,4,00,00,00,04,CC,CC,CC,CC
234600,TX,0x100,8,77,01,4C,01,C6,0D,44,04
234600,TX,0x101,6,C9,00,26,02,00,00,CC,CC
234600,TX,0x200,4,00,00,00,04,CC,CC,CC,CC
234800,TX,0x100,8,78,01,4C,01,BD,0D,38,04
234800,TX,0x101,6,C8,00,2A,02,00,00,CC,CC
234800,TX,0x200,4,00,00,00,04,CC,CC,CC,CC
235000,TX,0x100,8,78,01,4B,01,C1,0D,3F,04
235000,TX,0x101,6,C8,00,2B,02,00,00,CC,CC
235000,TX,0x200,4,00,00,00,04,CC,CC,CC,CC
235200,TX,0x100,8,79,01,4A,01,B9,0D,42,04
235200,TX,0x101,6,CA,00,2A,02,00,00,CC,CC
235200,TX,0x200,4,00,00,00,04,CC,CC,CC,CC
235400,TX,0x100,8,79,01,49,01,BF,0D,43,04
235400,TX,0x101,6,C7,00,2A,02,00,00,CC,CC
235400,TX,0x200,4,00,00,00,04,CC,CC,CC,CC
235600,TX,0x100,8,79,01,49,01,BF,0D,4E,04
235600,TX,0x101,6,C9,00,2D,02,00,00,CC,CC
235600,TX,0x200,4,00,00,00,04,CC,CC,CC,CC
235800,TX,0x100,8,79,01,48,01,BE,0D,4B,04
235800,TX,0x101,6,C7,00,2B,02,00,00,CC,CC
235800,TX,0x200,4,00,00,00,04,CC,CC,CC,CC
236000,TX,0x100,8,7A,01,47,01,C5,0D,4B,04
236000,TX,0x101,6,C3,00,34,02,00,00,CC,CC
236000,TX,0x200,4,00,00,00,04,CC,CC,CC,CC
236200,TX,0x100,8,7A,01,46,01,B9,0D,54,04
236200,TX,0x101,6,C6,00,36,02,00,00,CC,CC
236200,TX,0x200,4,00,00,00,04,CC,CC,CC,CC
236400,TX,0x100,8,7A,01,46,01,BC,0D,4F,04
236400,TX,0x101,6,C6,00,32,02,00,00,CC,CC
236400,TX,0x200,4,00,00,00,04,CC,CC,CC,CC
236600,TX,0x100,8,7A,01,45,01,B7,0D,3D,04
236600,TX,0x101,6,C6,00,31,02,00,00,CC,CC
236600,TX,0x200,4,00,00,00,04,CC,CC,CC,CC
236800,TX,0x100,8,7C,01,44,01,C2,0D,4E,04
236800,TX,0x101,6,C9,00,36,02,00,00,CC,CC
236800,TX,0x200,4,00,00,00,04,CC,CC,CC,CC
237000,TX,0x100,8,7B,01,43,01,BD,0D,4F,04
237000,TX,0x101,6,C8,00,35,02,00,00,CC,CC
237000,TX,0x200,4,00,00,00,04,CC,CC,CC,CC
237200,TX,0x100,8,7C,01,43,01,BC,0D,50,04
237200,TX,0x101,6,CB,00,3C,02,00,00,CC,CC
237200,TX,0x200,4,00,00,00,04,CC,CC,CC,CC
237400,TX,0x100,8,7C,01,42,01,BA,0D,66,04
237400,TX,0x101,6,C7,00,3C,02,00,00,CC,CC
237400,TX,0x200,4,00,00,00,04,CC,CC,CC,CC
237600,TX,0x100,8,7B,01,41,01,B6,0D,48,04
237600,TX,0x101,6,C7,00,3F,02,00,00,CC,CC
237600,TX,0x200,4,00,00,00,04,CC,CC,CC,CC
237800,TX,0x100,8,7C,01,40,01,B9,0D,3A,04
237800,TX,0x101,6,C6,00,3C,02,00,00,CC,CC
237800,TX,0x200,4,00,00,00,04,CC,CC,CC,CC
238000,TX,0x100,8,7C,01,40,01,BE,0D,4C,04
238000,TX,0x101,6,C4,00,41,02,00,00,CC,CC
238000,TX,0x200,4,00,00,00,04,CC,CC,CC,CC
238200,TX,0x100,8,7D,01,3F,01,B2,0D,4B,04
238200,TX,0x101,6,C7,00,41,02,00,00,CC,CC
238200,TX,0x200,4,00,00,00,04,CC,CC,CC,CC
238400,TX,0x100,8,7D,01,3E,01,B2,0D,4C,04
238400,TX,0x101,6,CA,00,3F,02,00,00,CC,CC
238400,TX,0x200,4,00,00,00,04,CC,CC,CC,CC
238600,TX,0x100,8,7D,01,3D,01,B3,0D,45,04
238600,TX,0x101,6,C8,00,48,02,00,00,CC,CC
238600,TX,0x200,4,00,00,00,04,CC,CC,CC,CC
238800,TX,0x100,8,7A,01,3D,01,B3,0D,37,04
238800,TX,0x101,6,C7,00,49,02,00,00,CC,CC
238800,TX,0x200,4,00,00,00,04,CC,CC,CC,CC
239000,TX,0x100,8,78,01,3C,01,AD,0D,27,04
239000,TX,0x101,6,C6,00,4E,02,00,00,CC,CC
239000,TX,0x200,4,00,00,00,04,CC,CC,CC,CC
239200,TX,0x100,8,75,01,3B,01,B2,0D,01,04
239200,TX,0x101,6,C5,00,4F,02,00,00,CC,CC
239200,TX,0x200,4,00,00,00,04,CC,CC,CC,CC
239400,TX,0x100,8,74,01,3B,01,B2,0D,F3,03
239400,TX,0x101,6,CB,00,4E,02,00,00,CC,CC
239400,TX,0x200,4,00,00,00,04,CC,CC,CC,CC
239600,TX,0x100,8,71,01,3A,01,B4,0D,ED,03
239600,TX,0x101,6,C8,00,57,02,00,00,CC,CC
239600,TX,0x200,4,00,00,00,04,CC,CC,CC,CC
239800,TX,0x100,8,6E,01,39,01,AF,0D,E6,03
239800,TX,0x101,6,CA,00,55,02,00,00,CC,CC
239800,TX,0x200,4,00,00,00,04,CC,CC,CC,CC
240000,TX,0x100,8,6C,01,39,01,AD,0D,CA,03
240000,TX,0x101,6,CA,00,50,02,00,00,CC,CC
240000,TX,0x200,4,00,00,00,04,CC,CC,CC,CC
240200,TX,0x100,8,6A,01,38,01,B6,0D,D3,03
240200,TX,0x101,6,C6,00,55,02,00,00,CC,CC
240200,TX,0x200,4,00,00,00,04,CC,CC,CC,CC
240400,TX,0x100,8,69,01,37,01,AB,0D,C9,03
240400,TX,0x101,6,C4,00,58,02,00,00,CC,CC
240400,TX,0x200,4,00,00,00,04,CC,CC,CC,CC
240600,TX,0x100,8,67,01,37,01,AE,0D,C6,03
240600,TX,0x101,6,C7,00,5A,02,00,00,CC,CC
240600,TX,0x200,4,00,00,00,04,CC,CC,CC,CC
240800,TX,0x100,8,65,01,36,01,B1,0D,AC,03
240800,TX,0x101,6,C7,00,5C,02,00,00,CC,CC
240800,TX,0x200,4,00,00,00,04,CC,CC,CC,CC
241000,TX,0x100,8,63,01,35,01,AA,0D,B8,03
241000,TX,0x101,6,C6,00,5D,02,00,00,CC,CC
241000,TX,0x200,4,00,00,00,04,CC,CC,CC,CC
241200,TX,0x100,8,61,01,35,01,AF,0D,AD,03
241200,TX,0x101,6,C7,00,61,02,00,00,CC,CC
241200,TX,0x200,4,00,00,00,04,CC,CC,CC,CC
241400,TX,0x100,8,61,01,34,01,BA,0D,A3,03
241400,TX,0x101,6,C6,00,60,02,00,00,CC,CC
241400,TX,0x200,4,00,00,00,04,CC,CC,CC,CC
241600,TX,0x100,8,5F,01,33,01,A8,0D,93,03
241600,TX,0x101,6,C7,00,5D,02,00,00,CC,CC
241600,TX,0x200,4,00,00,00,04,CC,CC,CC,CC
241800,TX,0x100,8,5E,01,33,01,A6,0D,9E,03
241800,TX,0x101,6,C6,00,64,02,00,00,CC,CC
241800,TX,0x200,4,00,00,00,04,CC,CC,CC,CC
242000,TX,0x100,8,5C,01,32,01,9D,0D,9F,03
242000,TX,0x101,6,C6,00,63,02,00,00,CC,CC
242000,TX,0x200,4,00,00,00,04,CC,CC,CC,CC
242200,TX,0x100,8,5C,01,31,01,AF,0D,A0,03
242200,TX,0x101,6,C7,00,65,02,00,00,CC,CC
242200,TX,0x200,4,00,00,00,04,CC,CC,CC,CC
242400,TX,0x100,8,5B,01,31,01,AF,0D,9A,03
242400,TX,0x101,6,C7,00,65,02,00,00,CC,CC
242400,TX,0x200,4,00,00,00,04,CC,CC,CC,CC
242600,TX,0x100,8,59,01,30,01,AB,0D,93,03
242600,TX,0x101,6,C9,00,6D,02,00,00,CC,CC
242600,TX,0x200,4,00,00,00,04,CC,CC,CC,CC
242800,TX,0x100,8,59,01,30,01,AD,0D,2D,03
242800,TX,0x101,6,C8,00,6B,02,00,00,CC,CC
242800,TX,0x200,4,00,00,00,04,CC,CC,CC,CC
243000,TX,0x100,8,57,01,2F,01,AD,0D,D4,02
243000,TX,0x101,6,CA,00,72,02,00,00,CC,CC
243000,TX,0x200,4,00,00,00,04,CC,CC,CC,CC
243200,TX,0x100,8,57,01,2F,01,AE,0D,80,02
243200,TX,0x101,6,CC,00,6A,02,00,00,CC,CC
243200,TX,0x200,4,00,00,00,04,CC,CC,CC,CC
243400,TX,0x100,8,55,01,2E,01,AE,0D,58,02
243400,TX,0x101,6,C8,00,72,02,00,00,CC,CC
243400,TX,0x200,4,00,00,00,04,CC,CC,CC,CC
243600,TX,0x100,8,53,01,2E,01,B5,0D,05,02
243600,TX,0x101,6,C8,00,74,02,00,00,CC,CC
243600,TX,0x200,4,00,00,00,04,CC,CC,CC,CC
243800,TX,0x100,8,53,01,2E,01,AF,0D,E4,01
243800,TX,0x101,6,C5,00,75,02,00,00,CC,CC
243800,TX,0x200,4,00,00,00,04,CC,CC,CC,CC
244000,TX,0x100,8,52,01,2D,01,A8,0D,B4,01
244000,TX,0x101,6,C9,00,75,02,00,00,CC,CC
244000,TX,0x200,4,00,00,00,04,CC,CC,CC,CC
244200,TX,0x100,8,50,01,2D,01,A8,0D,8E,01
244200,TX,0x101,6,CD,00,78,02,00,00,CC,CC
244200,TX,0x200,4,00,00,00,04,CC,CC,CC,CC
244400,TX,0x100,8,50,01,2D,01,A2,0D,7B,01
244400,TX,0x101,6,C8,00,75,02,00,00,CC,CC
244400,TX,0x200,4,00,00,00,04,CC,CC,CC,CC
244600,TX,0x100,8,4E,01,2D,01,AE,0D,41,01
244600,TX,0x101,6,C8,00,78,02,00,00,CC,CC
244600,TX,0x200,4,00,00,00,04,CC,CC,CC,CC
244800,TX,0x100,8,4D,01,2D,01,AA,0D,3C,01
244800,TX,0x101,6,C8,00,7A,02,00,00,CC,CC
244800,TX,0x200,4,00,00,00,04,CC,CC,CC,CC
245000,TX,0x100,8,4C,01,2C,01,AF,0D,2E,01
245000,TX,0x101,6,CC,00,81,02,00,00,CC,CC
245000,TX,0x200,4,00,00,00,04,CC,CC,CC,CC
245200,TX,0x100,8,4B,01,2C,01,AB,0D,2C,01
245200,TX,0x101,6,C6,00,7A,02,00,00,CC,CC
245200,TX,0x200,4,00,00,00,04,CC,CC,CC,CC
245400,TX,0x100,8,4A,01,2C,01,B1,0D,15,01
245400,TX,0x101,6,C9,00,7E,02,00,00,CC,CC
245400,TX,0x200,4,00,00,00,04,CC,CC,CC,CC
245600,TX,0x100,8,4A,01,2C,01,AC,0D,08,01
245600,TX,0x101,6,CA,00,84,02,00,00,CC,CC
245600,TX,0x200,4,00,00,00,04,CC,CC,CC,CC
245800,TX,0x100,8,48,01,2C,01,A7,0D,07,01
245800,TX,0x101,6,C8,00,83,02,00,00,CC,CC
245800,TX,0x200,4,00,00,00,04,CC,CC,CC,CC
246000,TX,0x100,8,48,01,2C,01,A8,0D,FC,00
246000,TX,0x101,6,CB,00,84,02,00,00,CC,CC
246000,TX,0x200,4,00,00,00,04,CC,CC,CC,CC
246200,TX,0x100,8,47,01,2C,01,AB,0D,F6,00
246200,TX,0x101,6,C5,00,80,02,00,00,CC,CC
246200,TX,0x200,4,00,00,00,04,CC,CC,CC,CC
246400,TX,0x100,8,46,01,2B,01,AE,0D,E7,00
246400,TX,0x101,6,CD,00,83,02,00,00,CC,CC
246400,TX,0x200,4,00,00,00,04,CC,CC,CC,CC
246600,TX,0x100,8,45,01,2B,01,A5,0D,EA,00
246600,TX,0x101,6,C6,00,86,02,00,00,CC,CC
246600,TX,0x200,4,00,00,00,04,CC,CC,CC,CC
246800,TX,0x100,8,44,01,2B,01,A6,0D,E0,00
246800,TX,0x101,6,C9,00,84,02,00,00,CC,CC
246800,TX,0x200,4,00,00,00,04,CC,CC,CC,CC
247000,TX,0x100,8,44,01,2B,01,AE,0D,CD,00
247000,TX,0x101,6,C7,00,85,02,00,00,CC,CC
247000,TX,0x200,4,00,00,00,04,CC,CC,CC,CC
247200,TX,0x100,8,42,01,2B,01,A2,0D,E0,00
247200,TX,0x101,6,C8,00,84,02,00,00,CC,CC
247200,TX,0x200,4,00,00,00,04,CC,CC,CC,CC
247400,TX,0x100,8,42,01,2B,01,A7,0D,DC,00
247400,TX,0x101,6,C7,00,7F,02,00,00,CC,CC
247400,TX,0x200,4,00,00,00,04,CC,CC,CC,CC
247600,TX,0x100,8,41,01,2B,01,AA,0D,CA,00
247600,TX,0x101,6,C9,00,8A,02,00,00,CC,CC
247600,TX,0x200,4,00,00,00,04,CC,CC,CC,CC
247800,TX,0x100,8,40,01,2B,01,B1,0D,C6,00
247800,TX,0x101,6,C6,00,89,02,00,00,CC,CC
247800,TX,0x200,4,00,00,00,04,CC,CC,CC,CC
248000,TX,0x100,8,40,01,2B,01,AA,0D,CC,00
248000,TX,0x101,6,CA,00,88,02,00,00,CC,CC
248000,TX,0x200,4,00,00,00,04,CC,CC,CC,CC
248200,TX,0x100,8,3F,01,2B,01,AF,0D,CC,00
248200,TX,0x101,6,C4,00,8E,02,00,00,CC,CC
248200,TX,0x200,4,00,00,00,04,CC,CC,CC,CC
248400,TX,0x100,8,3E,01,2A,01,AB,0D,D9,00
248400,TX,0x101,6,CE,00,8A,02,00,00,CC,CC
248400,TX,0x200,4,00,00,00,04,CC,CC,CC,CC
248600,TX,0x100,8,3E,01,2A,01,AF,0D,BA,00
248600,TX,0x101,6,C4,00,8C,02,00,00,CC,CC
248600,TX,0x200,4,00,00,00,04,CC,CC,CC,CC
248800,TX,0x100,8,3D,01,2A,01,AA,0D,BE,00
248800,TX,0x101,6,C8,00,8A,02,00,00,CC,CC
248800,TX,0x200,4,00,00,00,04,CC,CC,CC,CC
249000,TX,0x100,8,3C,01,2A,01,A5,0D,C2,00
249000,TX,0x101,6,C8,00,86,02,00,00,CC,CC
249000,TX,0x200,4,00,00,00,04,CC,CC,CC,CC
249200,TX,0x100,8,3C,01,2A,01,B3,0D,B9,00
249200,TX,0x101,6,C6,00,8E,02,00,00,CC,CC
249200,TX,0x200,4,00,00,00,04,CC,CC,CC,CC
249400,TX,0x100,8,3C,01,2A,01,AA,0D,C8,00
249400,TX,0x101,6,C9,00,8E,02,00,00,CC,CC
249400,TX,0x200,4,00,00,00,04,CC,CC,CC,CC
249600,TX,0x100,8,3B,01,2A,01,AE,0D,C3,00
249600,TX,0x101,6,C6,00,8E,02,00,00,CC,CC
249600,TX,0x200,4,00,00,00,04,CC,CC,CC,CC
249800,TX,0x100,8,3A,01,2A,01,AD,0D,CA,00
249800,TX,0x101,6,C2,00,87,02,00,00,CC,CC
249800,TX,0x200,4,00,00,00,04,CC,CC,CC,CC
250000,TX,0x100,8,3A,01,2A,01,A7,0D,C2,00
250000,TX,0x101,6,C7,00,8A,02,00,00,CC,CC
250000,TX,0x200,4,00,00,00,04,CC,CC,CC,CC
250200,TX,0x100,8,39,01,2A,01,A3,0D,D8,00
250200,TX,0x101,6,C9,00,89,02,00,00,CC,CC
250200,TX,0x200,4,00,00,00,04,CC,CC,CC,CC
250400,TX,0x100,8,39,01,29,01,B4,0D,C2,00
250400,TX,0x101,6,CA,00,8E,02,00,00,CC,CC
250400,TX,0x200,4,00,00,00,04,CC,CC,CC,CC
250600,TX,0x100,8,38,01,29,01,B6,0D,C5,00
250600,TX,0x101,6,C5,00,8F,02,00,00,CC,CC
250600,TX,0x200,4,00,00,00,04,CC,CC,CC,CC
250800,TX,0x100,8,38,01,29,01,A8,0D,C3,00
250800,TX,0x101,6,C8,00,8D,02,00,00,CC,CC
250800,TX,0x200,4,00,00,00,04,CC,CC,CC,CC
251000,TX,0x100,8,37,01,29,01,A8,0D,C8,00
251000,TX,0x101,6,C5,00,8E,02,00,00,CC,CC
251000,TX,0x200,4,00,00,00,04,CC,CC,CC,CC
251200,TX,0x100,8,37,01,29,01,A8,0D,C0,00
251200,TX,0x101,6,CB,00,8E,02,00,00,CC,CC
251200,TX,0x200,4,00,00,00,04,CC,CC,CC,CC
251400,TX,0x100,8,37,01,29,01,AB,0D,C4,00
251400,TX,0x101,6,C5,00,90,02,00,00,CC,CC
251400,TX,0x200,4,00,00,00,04,CC,CC,CC,CC
251600,TX,0x100,8,36,01,29,01,A8,0D,BD,00
251600,TX,0x101,6,C5,00,91,02,00,00,CC,CC
251600,TX,0x200,4,00,00,00,04,CC,CC,CC,CC
251800,TX,0x100,8,36,01,29,01,AB,0D,C1,00
251800,TX,0x101,6,C4,00,8B,02,00,00,CC,CC
251800,TX,0x200,4,00,00,00,04,CC,CC,CC,CC
252000,TX,0x100,8,35,01,29,01,A2,0D,DD,00
252000,TX,0x101,6,C7,00,92,02,00,00,CC,CC
252000,TX,0x200,4,00,00,00,04,CC,CC,CC,CC
252200,TX,0x100,8,34,01,29,01,A2,0D,C5,00
252200,TX,0x101,6,C3,00,90,02,00,00,CC,CC
252200,TX,0x200,4,00,00,00,04,CC,CC,CC,CC
252400,TX,0x100,8,35,01,28,01,AF,0D,C9,00
252400,TX,0x101,6,C7,00,8C,02,00,00,CC,CC
252400,TX,0x200,4,00,00,00,04,CC,CC,CC,CC
252600,TX,0x100,8,34,01,28,01,A6,0D,CF,00
252600,TX,0x101,6,C6,00,8F,02,00,00,CC,CC
252600,TX,0x200,4,00,00,00,04,CC,CC,CC,CC
252800,TX,0x100,8,34,01,28,01,A5,0D,C6,00
252800,TX,0x101,6,C6,00,8B,02,00,00,CC,CC
252800,TX,0x200,4,00,00,00,04,CC,CC,CC,CC
253000,TX,0x100,8,34,01,28,01,AD,0D,D6,00
253000,TX,0x101,6,C8,00,85,02,00,00,CC,CC
253000,TX,0x200,4,00,00,00,04,CC,CC,CC,CC
253200,TX,0x100,8,33,01,28,01,B5,0D,C3,00
253200,TX,0x101,6,C7,00,83,02,00,00,CC,CC
253200,TX,0x200,4,00,00,00,04,CC,CC,CC,CC
253400,TX,0x100,8,33,01,28,01,A9,0D,C3,00
253400,TX,0x101,6,C9,00,88,02,00,00,CC,CC
253400,TX,0x200,4,00,00,00,04,CC,CC,CC,CC
253600,TX,0x100,8,32,01,28,01,AF,0D,C4,00
253600,TX,0x101,6,CB,00,8A,02,00,00,CC,CC
253600,TX,0x200,4,00,00,00,04,CC,CC,CC,CC
253800,TX,0x100,8,32,01,28,01,AB,0D,C2,00
253800,TX,0x101,6,C6,00,8C,02,00,00,CC,CC
253800,TX,0x200,4,00,00,00,04,CC,CC,CC,CC
254000,TX,0x100,8,32,01,28,01,A9,0D,C5,00
254000,TX,0x101,6,C9,00,84,02,00,00,CC,CC
254000,TX,0x200,4,00,00,00,04,CC,CC,CC,CC
254200,TX,0x100,8,31,01,28,01,B1,0D,B9,00
254200,TX,0x101,6,C7,00,89,02,00,00,CC,CC
254200,TX,0x200,4,00,00,00,04,CC,CC,CC,CC
254400,TX,0x100,8,31,01,28,01,A3,0D,C2,00
254400,TX,0x101,6,C9,00,84,02,00,00,CC,CC
254400,TX,0x200,4,00,00,00,04,CC,CC,CC,CC
254600,TX,0x100,8,31,01,27,01,B3,0D,D2,00
254600,TX,0x101,6,C9,00,83,02,00,00,CC,CC
254600,TX,0x200,4,00,00,00,04,CC,CC,CC,CC
254800,TX,0x100,8,31,01,27,01,A6,0D,B2,00
254800,TX,0x101,6,C8,00,89,02,00,00,CC,CC
254800,TX,0x200,4,00,00,00,04,CC,CC,CC,CC
255000,TX,0x100,8,31,01,27,01,AF,0D,B9,00
255000,TX,0x101,6,C8,00,81,02,00,00,CC,CC
255000,TX,0x200,4,00,00,00,04,CC,CC,CC,CC
255200,TX,0x100,8,30,01,27,01,AB,0D,D1,00
255200,TX,0x101,6,C5,00,84,02,00,00,CC,CC
255200,TX,0x200,4,00,00,00,04,CC,CC,CC,CC
255400,TX,0x100,8,30,01,27,01,A8,0D,E7,00
255400,TX,0x101,6,C5,00,81,02,00,00,CC,CC
255400,TX,0x200,4,00,00,00,04,CC,CC,CC,CC
255600,TX,0x100,8,30,01,27,01,AD,0D,C5,00
255600,TX,0x101,6,C9,00,81,02,00,00,CC,CC
255600,TX,0x200,4,00,00,00,04,CC,CC,CC,CC
255800,TX,0x100,8,30,01,27,01,AF,0D,B0,00
255800,TX,0x101,6,C8,00,81,02,00,00,CC,CC
255800,TX,0x200,4,00,00,00,04,CC,CC,CC,CC
256000,TX,0x100,8,2F,01,27,01,A6,0D,D2,00
256000,TX,0x101,6,C4,00,82,02,00,00,CC,CC
256000,TX,0x200,4,00,00,00,04,CC,CC,CC,CC
256200,TX,0x100,8,2F,01,27,01,AA,0D,CD,00
256200,TX,0x101,6,C6,00,83,02,00,00,CC,CC
256200,TX,0x200,4,00,00,00,04,CC,CC,CC,CC
256400,TX,0x100,8,2F,01,27,01,A0,0D,C2,00
256400,TX,0x101,6,C9,00,7E,02,00,00,CC,CC
256400,TX,0x200,4,00,00,00,04,CC,CC,CC,CC
256600,TX,0x100,8,2E,01,26,01,A7,0D,CE,00
256600,TX,0x101,6,CA,00,84,02,00,00,CC,CC
256600,TX,0x200,4,00,00,00,04,CC,CC,CC,CC
256800,TX,0x100,8,2E,01,26,01,A9,0D,C7,00
256800,TX,0x101,6,C8,00,7F,02,00,00,CC,CC
256800,TX,0x200,4,00,00,00,04,CC,CC,CC,CC
257000,TX,0x100,8,2E,01,26,01,A9,0D,BB,00
257000,TX,0x101,6,C6,00,7E,02,00,00,CC,CC
257000,TX,0x200,4,00,00,00,04,CC,CC,CC,CC
257200,TX,0x100,8,2D,01,26,01,AD,0D,CB,00
257200,TX,0x101,6,C5,00,7F,02,00,00,CC,CC
257200,TX,0x200,4,00,00,00,04,CC,CC,CC,CC
257400,TX,0x100,8,2D,01,26,01,B7,0D,D2,00
257400,TX,0x101,6,C8,00,82,02,00,00,CC,CC
257400,TX,0x200,4,00,00,00,04,CC,CC,CC,CC
257600,TX,0x100,8,2E,01,26,01,AD,0D,D3,00
257600,TX,0x101,6,C7,00,7D,02,00,00,CC,CC
257600,TX,0x200,4,00,00,00,04,CC,CC,CC,CC
257800,TX,0x100,8,2D,01,26,01,AF,0D,D2,00
257800,TX,0x101,6,CA,00,7E,02,00,00,CC,CC
257800,TX,0x200,4,00,00,00,04,CC,CC,CC,CC
258000,TX,0x100,8,2D,01,26,01,AC,0D,C3,00
258000,TX,0x101,6,C5,00,7A,02,00,00,CC,CC
258000,TX,0x200,4,00,00,00,04,CC,CC,CC,CC
258200,TX,0x100,8,2C,01,26,01,B0,0D,C8,00
258200,TX,0x101,6,C9,00,7E,02,00,00,CC,CC
258200,TX,0x200,4,00,00,00,04,CC,CC,CC,CC
258400,TX,0x100,8,2D,01,26,01,A5,0D,CE,00
258400,TX,0x101,6,C7,00,7D,02,00,00,CC,CC
258400,TX,0x200,4,00,00,00,04,CC,CC,CC,CC
258600,TX,0x100,8,2D,01,26,01,AD,0D,C1,00
258600,TX,0x101,6,C7,00,7C,02,00,00,CC,CC
258600,TX,0x200,4,00,00,00,04,CC,CC,CC,CC
258800,TX,0x100,8,2C,01,25,01,AA,0D,CC,00
258800,TX,0x101,6,CA,00,79,02,00,00,CC,CC
258800,TX,0x200,4,00,00,00,04,CC,CC,CC,CC
259000,TX,0x100,8,2C,01,25,01,A8,0D,CA,00
259000,TX,0x101,6,CA,00,75,02,00,00,CC,CC
259000,TX,0x200,4,00,00,00,04,CC,CC,CC,CC
259200,TX,0x100,8,2C,01,25,01,B5,0D,D3,00
259200,TX,0x101,6,C6,00,76,02,00,00,CC,CC
259200,TX,0x200,4,00,00,00,04,CC,CC,CC,CC
259400,TX,0x100,8,2C,01,25,01,AC,0D,CC,00
259400,TX,0x101,6,C8,00,77,02,00,00,CC,CC
259400,TX,0x200,4,00,00,00,04,CC,CC,CC,CC
259600,TX,0x100,8,2C,01,25,01,A9,0D,B8,00
259600,TX,0x101,6,C4,00,74,02,00,00,CC,CC
259600,TX,0x200,4,00,00,00,04,CC,CC,CC,CC
259800,TX,0x100,8,2B,01,25,01,A9,0D,C5,00
259800,TX,0x101,6,C5,00,77,02,00,00,CC,CC
259800,TX,0x200,4,00,00,00,04,CC,CC,CC,CC
260000,TX,0x100,8,2B,01,25,01,AA,0D,B4,00
260000,TX,0x101,6,C9,00,76,02,00,00,CC,CC
260000,TX,0x200,4,00,00,00,04,CC,CC,CC,CC
260200,TX,0x100,8,2B,01,25,01,AC,0D,CF,00
260200,TX,0x101,6,C6,00,75,02,00,00,CC,CC
260200,TX,0x200,4,00,00,00,04,CC,CC,CC,CC
260400,TX,0x100,8,2B,01,25,01,AC,0D,D2,00
260400,TX,0x101,6,CC,00,6E,02,00,00,CC,CC
260400,TX,0x200,4,00,00,00,04,CC,CC,CC,CC
260600,TX,0x100,8,2B,01,25,01,AA,0D,CF,00
260600,TX,0x101,6,C7,00,6F,02,00,00,CC,CC
260600,TX,0x200,4,00,00,00,04,CC,CC,CC,CC
260800,TX,0x100,8,2A,01,24,01,A9,0D,CB,00
260800,TX,0x101,6,C6,00,6E,02,00,00,CC,CC
260800,TX,0x200,4,00,00,00,04,CC,CC,CC,CC
261000,TX,0x100,8,2A,01,24,01,B9,0D,CA,00
261000,TX,0x101,6,C6,00,70,02,00,00,CC,CC
261000,TX,0x200,4,00,00,00,04,CC,CC,CC,CC
261200,TX,0x100,8,2A,01,24,01,B1,0D,D5,00
261200,TX,0x101,6,C8,00,6B,02,00,00,CC,CC
261200,TX,0x200,4,00,00,00,04,CC,CC,CC,CC
261400,TX,0x100,8,2B,01,24,01,AF,0D,C3,00
261400,TX,0x101,6,C6,00,6B,02,00,00,CC,CC
261400,TX,0x200,4,00,00,00,04,CC,CC,CC,CC
261600,TX,0x100,8,2A,01,24,01,AD,0D,CC,00
261600,TX,0x101,6,CC,00,69,02,00,00,CC,CC
261600,TX,0x200,4,00,00,00,04,CC,CC,CC,CC
261800,TX,0x100,8,2A,01,24,01,A8,0D,B5,00
261800,TX,0x101,6,CA,00,6F,02,00,00,CC,CC
261800,TX,0x200,4,00,00,00,04,CC,CC,CC,CC
262000,TX,0x100,8,29,01,24,01,A8,0D,CE,00
262000,TX,0x101,6,C7,00,6B,02,00,00,CC,CC
262000,TX,0x200,4,00,00,00,04,CC,CC,CC,CC
262200,TX,0x100,8,29,01,24,01,AC,0D,C8,00
262200,TX,0x101,6,C7,00,67,02,00,00,CC,CC
262200,TX,0x200,4,00,00,00,04,CC,CC,CC,CC
262400,TX,0x100,8,29,01,24,01,A7,0D,C3,00
262400,TX,0x101,6,C6,00,6C,02,00,00,CC,CC
262400,TX,0x200,4,00,00,00,04,CC,CC,CC,CC
262600,TX,0x100,8,2A,01,24,01,AF,0D,BB,00
262600,TX,0x101,6,C5,00,65,02,00,00,CC,CC
262600,TX,0x200,4,00,00,00,04,CC,CC,CC,CC
262800,TX,0x100,8,2A,01,24,01,AF,0D,BB,00
262800,TX,0x101,6,C9,00,64,02,00,00,CC,CC
262800,TX,0x200,4,00,00,00,04,CC,CC,CC,CC
263000,TX,0x100,8,29,01,23,01,AF,0D,CE,00
263000,TX,0x101,6,C6,00,67,02,00,00,CC,CC
263000,TX,0x200,4,00,00,00,04,CC,CC,CC,CC
263200,TX,0x100,8,29,01,23,01,AD,0D,B6,00
263200,TX,0x101,6,C8,00,63,02,00,00,CC,CC
263200,TX,0x200,4,00,00,00,04,CC,CC,CC,CC
263400,TX,0x100,8,28,01,23,01,A8,0D,BF,00
263400,TX,0x101,6,C5,00,65,02,00,00,CC,CC
263400,TX,0x200,4,00,00,00,04,CC,CC,CC,CC
263600,TX,0x100,8,28,01,23,01,AD,0D,C9,00
263600,TX,0x101,6,C8,00,65,02,00,00,CC,CC
263600,TX,0x200,4,00,00,00,04,CC,CC,CC,CC
263800,TX,0x100,8,28,01,23,01,B5,0D,AA,00
263800,TX,0x101,6,C6,00,63,02,00,00,CC,CC
263800,TX,0x200,4,00,00,00,04,CC,CC,CC,CC
264000,TX,0x100,8,29,01,23,01,AF,0D,C7,00
264000,TX,0x101,6,C8,00,5D,02,00,00,CC,CC
264000,TX,0x200,4,00,00,00,04,CC,CC,CC,CC
264200,TX,0x100,8,29,01,23,01,AE,0D,B8,00
264200,TX,0x101,6,C6,00,64,02,00,00,CC,CC
264200,TX,0x200,4,00,00,00,04,CC,CC,CC,CC
264400,TX,0x100,8,28,01,23,01,AA,0D,C4,00
264400,TX,0x101,6,C4,00,60,02,00,00,CC,CC
264400,TX,0x200,4,00,00,00,04,CC,CC,CC,CC
264600,TX,0x100,8,28,01,23,01,B1,0D,CD,00
264600,TX,0x101,6,CA,00,5E,02,00,00,CC,CC
264600,TX,0x200,4,00,00,00,04,CC,CC,CC,CC
264800,TX,0x100,8,28,01,23,01,A3,0D,D3,00
264800,TX,0x101,6,C8,00,60,02,00,00,CC,CC
264800,TX,0x200,4,00,00,00,04,CC,CC,CC,CC
265000,TX,0x100,8,28,01,22,01,B0,0D,C2,00
265000,TX,0x101,6,C7,00,58,02,00,00,CC,CC
265000,TX,0x200,4,00,00,00,04,CC,CC,CC,CC
265200,TX,0x100,8,28,01,22,01,A9,0D,BB,00
265200,TX,0x101,6,C8,00,58,02,00,00,CC,CC
265200,TX,0x200,4,00,00,00,04,CC,CC,CC,CC
265400,TX,0x100,8,27,01,22,01,A8,0D,C2,00
265400,TX,0x101,6,C6,00,5C,02,00,00,CC,CC
265400,TX,0x200,4,00,00,00,04,CC,CC,CC,CC
265600,TX,0x100,8,28,01,22,01,AE,0D,C8,00
265600,TX,0x101,6,C7,00,57,02,00,00,CC,CC
265600,TX,0x200,4,00,00,00,04,CC,CC,CC,CC
265800,TX,0x100,8,28,01,22,01,AC,0D,D2,00
265800,TX,0x101,6,CA,00,5C,02,00,00,CC,CC
265800,TX,0x200,4,00,00,00,04,CC,CC,CC,CC
266000,TX,0x100,8,28,01,22,01,A6,0D,BE,00
266000,TX,0x101,6,C4,00,54,02,00,00,CC,CC
266000,TX,0x200,4,00,00,00,04,CC,CC,CC,CC
266200,TX,0x100,8,27,01,22,01,AE,0D,CD,00
266200,TX,0x101,6,C8,00,59,02,00,00,CC,CC
266200,TX,0x200,4,00,00,00,04,CC,CC,CC,CC
266400,TX,0x100,8,27,01,22,01,AC,0D,D8,00
266400,TX,0x101,6,C9,00,51,02,00,00,CC,CC
266400,TX,0x200,4,00,00,00,04,CC,CC,CC,CC
266600,TX,0x100,8,27,01,22,01,AF,0D,CB,00
266600,TX,0x101,6,CA,00,5A,02,00,00,CC,CC
266600,TX,0x200,4,00,00,00,04,CC,CC,CC,CC
266800,TX,0x100,8,27,01,22,01,AF,0D,C0,00
266800,TX,0x101,6,C8,00,54,02,00,00,CC,CC
266800,TX,0x200,4,00,00,00,04,CC,CC,CC,CC
267000,TX,0x100,8,26,01,21,01,AB,0D,C9,00
267000,TX,0x101,6,CC,00,56,02,00,00,CC,CC
267000,TX,0x200,4,00,00,00,04,CC,CC,CC,CC
267200,TX,0x100,8,27,01,21,01,AC,0D,D2,00
267200,TX,0x101,6,C6,00,4F,02,00,00,CC,CC
267200,TX,0x200,4,00,00,00,04,CC,CC,CC,CC
267400,TX,0x100,8,27,01,21,01,AD,0D,CD,00
267400,TX,0x101,6,C8,00,4F,02,00,00,CC,CC
267400,TX,0x200,4,00,00,00,04,CC,CC,CC,CC
267600,TX,0x100,8,27,01,21,01,B0,0D,C8,00
267600,TX,0x101,6,C8,00,56,02,00,00,CC,CC
267600,TX,0x200,4,00,00,00,04,CC,CC,CC,CC
267800,TX,0x100,8,27,01,21,01,AE,0D,BF,00
267800,TX,0x101,6,CA,00,55,02,00,00,CC,CC
267800,TX,0x200,4,00,00,00,04,CC,CC,CC,CC
268000,TX,0x100,8,27,01,21,01,AA,0D,C3,00
268000,TX,0x101,6,C9,00,4F,02,00,00,CC,CC
268000,TX,0x200,4,00,00,00,04,CC,CC,CC,CC
268200,TX,0x100,8,26,01,21,01,AE,0D,C1,00
268200,TX,0x101,6,C8,00,52,02,00,00,CC,CC
268200,TX,0x200,4,00,00,00,04,CC,CC,CC,CC
268400,TX,0x100,8,26,01,21,01,AD,0D,D6,00
268400,TX,0x101,6,C6,00,4B,02,00,00,CC,CC
268400,TX,0x200,4,00,00,00,04,CC,CC,CC,CC
268600,TX,0x100,8,27,01,21,01,AE,0D,CD,00
268600,TX,0x101,6,C1,00,52,02,00,00,CC,CC
268600,TX,0x200,4,00,00,00,04,CC,CC,CC,CC
268800,TX,0x100,8,26,01,21,01,AC,0D,BC,00
268800,TX,0x101,6,CD,00,4B,02,00,00,CC,CC
268800,TX,0x200,4,00,00,00,04,CC,CC,CC,CC
269000,TX,0x100,8,26,01,21,01,AB,0D,DB,00
269000,TX,0x101,6,C6,00,47,02,00,00,CC,CC
269000,TX,0x200,4,00,00,00,04,CC,CC,CC,CC
269200,TX,0x100,8,26,01,20,01,B2,0D,D1,00
269200,TX,0x101,6,C7,00,47,02,00,00,CC,CC
269200,TX,0x200,4,00,00,00,04,CC,CC,CC,CC
269400,TX,0x100,8,26,01,20,01,AB,0D,CD,00
269400,TX,0x101,6,C9,00,4C,02,00,00,CC,CC
269400,TX,0x200,4,00,00,00,04,CC,CC,CC,CC
269600,TX,0x100,8,26,01,20,01,AC,0D,C8,00
269600,TX,0x101,6,C5,00,46,02,00,00,CC,CC
269600,TX,0x200,4,00,00,00,04,CC,CC,CC,CC
269800,TX,0x100,8,25,01,20,01,A4,0D,B4,00
269800,TX,0x101,6,CA,00,41,02,00,00,CC,CC
269800,TX,0x200,4,00,00,00,04,CC,CC,CC,CC
270000,TX,0x100,8,26,01,20,01,B0,0D,CC,00
270000,TX,0x101,6,C7,00,4C,02,00,00,CC,CC
270000,TX,0x200,4,00,00,00,04,CC,CC,CC,CC
270200,TX,0x100,8,26,01,20,01,A3,0D,C7,00
270200,TX,0x101,6,CB,00,41,02,00,00,CC,CC
270200,TX,0x200,4,00,00,00,04,CC,CC,CC,CC
270400,TX,0x100,8,26,01,20,01,A6,0D,BF,00
270400,TX,0x101,6,C9,00,47,02,00,00,CC,CC
270400,TX,0x200,4,00,00,00,04,CC,CC,CC,CC
270600,TX,0x100,8,25,01,20,01,A5,0D,C0,00
270600,TX,0x101,6,C9,00,41,02,00,00,CC,CC
270600,TX,0x200,4,00,00,00,04,CC,CC,CC,CC
270800,TX,0x100,8,26,01,20,01,AB,0D,CF,00
270800,TX,0x101,6,CA,00,43,02,00,00,CC,CC
270800,TX,0x200,4,00,00,00,04,CC,CC,CC,CC
271000,TX,0x100,8,26,01,20,01,AF,0D,D7,00
271000,TX,0x101,6,C8,00,3E,02,00,00,CC,CC
271000,TX,0x200,4,00,00,00,04,CC,CC,CC,CC
271200,TX,0x100,8,25,01,1F,01,A8,0D,C8,00
271200,TX,0x101,6,C6,00,42,02,00,00,CC,CC
271200,TX,0x200,4,00,00,00,04,CC,CC,CC,CC
271400,TX,0x100,8,26,01,1F,01,B3,0D,D2,00
271400,TX,0x101,6,C5,00,3F,02,00,00,CC,CC
271400,TX,0x200,4,00,00,00,04,CC,CC,CC,CC
271600,TX,0x100,8,25,01,1F,01,A6,0D,D9,00
271600,TX,0x101,6,CA,00,3D,02,00,00,CC,CC
271600,TX,0x200,4,00,00,00,04,CC,CC,CC,CC
271800,TX,0x100,8,25,01,1F,01,A9,0D,BF,00
271800,TX,0x101,6,C5,00,3F,02,00,00,CC,CC
271800,TX,0x200,4,00,00,00,04,CC,CC,CC,CC
272000,TX,0x100,8,25,01,1F,01,AD,0D,CB,00
272000,TX,0x101,6,C7,00,3C,02,00,00,CC,CC
272000,TX,0x200,4,00,00,00,04,CC,CC,CC,CC
272200,TX,0x100,8,25,01,1F,01,A9,0D,C3,00
272200,TX,0x101,6,C7,00,38,02,00,00,CC,CC
272200,TX,0x200,4,00,00,00,04,CC,CC,CC,CC
272400,TX,0x100,8,24,01,1F,01,A9,0D,C7,00
272400,TX,0x101,6,C8,00,32,02,00,00,CC,CC
272400,TX,0x200,4,00,00,00,04,CC,CC,CC,CC
272600,TX,0x100,8,25,01,1F,01,AC,0D,DC,00
272600,TX,0x101,6,C4,00,38,02,00,00,CC,CC
272600,TX,0x200,4,00,00,00,04,CC,CC,CC,CC
272800,TX,0x100,8,25,01,1F,01,AB,0D,C8,00
272800,TX,0x101,6,CA,00,39,02,00,00,CC,CC
272800,TX,0x200,4,00,00,00,04,CC,CC,CC,CC
273000,TX,0x100,8,25,01,1F,01,A9,0D,CA,00
273000,TX,0x101,6,CB,00,3A,02,00,00,CC,CC
273000,TX,0x200,4,00,00,00,04,CC,CC,CC,CC
273200,TX,0x100,8,24,01,1F,01,AD,0D,CE,00
273200,TX,0x101,6,C8,00,33,02,00,00,CC,CC
273200,TX,0x200,4,00,00,00,04,CC,CC,CC,CC
273400,TX,0x100,8,25,01,1E,01,AA,0D,BD,00
273400,TX,0x101,6,C8,00,37,02,00,00,CC,CC
273400,TX,0x200,4,00,00,00,04,CC,CC,CC,CC
273600,TX,0x100,8,24,01,1E,01,AC,0D,C6,00
273600,TX,0x101,6,CA,00,36,02,00,00,CC,CC
273600,TX,0x200,4,00,00,00,04,CC,CC,CC,CC
273800,TX,0x100,8,24,01,1E,01,AE,0D,C3,00
273800,TX,0x101,6,C8,00,31,02,00,00,CC,CC
273800,TX,0x200,4,00,00,00,04,CC,CC,CC,CC
274000,TX,0x100,8,23,01,1E,01,AA,0D,C4,00
274000,TX,0x101,6,C8,00,34,02,00,00,CC,CC
274000,TX,0x200,4,00,00,00,04,CC,CC,CC,CC
274200,TX,0x100,8,11,01,1E,01,B4,0D,CE,00
274200,TX,0x101,6,CC,00,33,02,00,00,CC,CC
274200,TX,0x200,4,00,00,00,04,CC,CC,CC,CC
274400,TX,0x100,8,01,01,1E,01,A9,0D,CF,00
274400,TX,0x101,6,C5,00,36,02,00,00,CC,CC
274400,TX,0x200,4,00,00,00,04,CC,CC,CC,CC
274600,TX,0x100,8,F1,00,1E,01,A6,0D,C2,00
274600,TX,0x101,6,CA,00,34,02,00,00,CC,CC
274600,TX,0x200,4,00,00,00,04,CC,CC,CC,CC
274800,TX,0x100,8,E2,00,1E,01,AE,0D,C8,00
274800,TX,0x101,6,C7,00,37,02,00,00,CC,CC
274800,TX,0x200,4,00,00,00,04,CC,CC,CC,CC
275000,TX,0x100,8,D3,00,1E,01,A7,0D,CF,00
275000,TX,0x101,6,C9,00,2B,02,00,00,CC,CC
275000,TX,0x200,4,00,00,00,04,CC,CC,CC,CC
275200,TX,0x100,8,C6,00,1E,01,B1,0D,BD,00
275200,TX,0x101,6,C8,00,2B,02,00,00,CC,CC
275200,TX,0x200,4,00,00,00,04,CC,CC,CC,CC
275400,TX,0x100,8,B9,00,1D,01,B0,0D,BE,00
275400,TX,0x101,6,C8,00,2B,02,00,00,CC,CC
275400,TX,0x200,4,00,00,00,04,CC,CC,CC,CC
275600,TX,0x100,8,AD,00,1D,01,AC,0D,CD,00
275600,TX,0x101,6,CA,00,2D,02,00,00,CC,CC
275600,TX,0x200,4,00,00,00,04,CC,CC,CC,CC
275800,TX,0x100,8,A1,00,1D,01,AC,0D,C7,00
275800,TX,0x101,6,C8,00,2B,02,00,00,CC,CC
275800,TX,0x200,4,00,00,00,04,CC,CC,CC,CC
276000,TX,0x100,8,96,00,1D,01,B1,0D,C2,00
276000,TX,0x101,6,C8,00,2D,02,00,00,CC,CC
276000,TX,0x200,4,00,00,00,04,CC,CC,CC,CC
276200,TX,0x100,8,8C,00,1D,01,A0,0D,CA,00
276200,TX,0x101,6,C9,00,2A,02,00,00,CC,CC
276200,TX,0x200,4,00,00,00,04,CC,CC,CC,CC
276400,TX,0x100,8,82,00,1D,01,B2,0D,CD,00
276400,TX,0x101,6,C8,00,2D,02,00,00,CC,CC
276400,TX,0x200,4,00,00,00,04,CC,CC,CC,CC
276600,TX,0x100,8,79,00,1D,01,B2,0D,C9,00
276600,TX,0x101,6,C9,00,28,02,00,00,CC,CC
276600,TX,0x200,4,00,00,00,04,CC,CC,CC,CC
276800,TX,0x100,8,70,00,1C,01,B7,0D,C9,00
276800,TX,0x101,6,CC,00,28,02,00,00,CC,CC
276800,TX,0x200,4,00,00,00,04,CC,CC,CC,CC
277000,TX,0x100,8,78,00,1C,01,AD,0D,C5,00
277000,TX,0x101,6,C5,00,26,02,00,00,CC,CC
277000,TX,0x200,4,00,00,00,04,CC,CC,CC,CC
277200,TX,0x100,8,80,00,1B,01,AE,0D,B9,00
277200,TX,0x101,6,C8,00,25,02,00,00,CC,CC
277200,TX,0x200,4,00,00,00,04,CC,CC,CC,CC
277400,TX,0x100,8,76,00,1B,01,AC,0D,C6,00
277400,TX,0x101,6,C7,00,26,02,00,00,CC,CC
277400,TX,0x200,4,00,00,00,04,CC,CC,CC,CC
277600,TX,0x100,8,6D,00,1B,01,AA,0D,CC,00
277600,TX,0x101,6,C7,00,26,02,00,00,CC,CC
277600,TX,0x200,4,00,00,00,04,CC,CC,CC,CC
277800,TX,0x100,8,64,00,1A,01,AA,0D,BE,00
277800,TX,0x101,6,C4,00,26,02,00,00,CC,CC
277800,TX,0x200,4,00,00,00,04,CC,CC,CC,CC
278000,TX,0x100,8,5C,00,1A,01,B3,0D,BB,00
278000,TX,0x101,6,C9,00,27,02,00,00,CC,CC
278000,TX,0x200,4,00,00,00,04,CC,CC,CC,CC
278200,TX,0x100,8,55,00,19,01,AC,0D,D1,00
278200,TX,0x101,6,C6,00,26,02,00,00,CC,CC
278200,TX,0x200,4,00,00,00,04,CC,CC,CC,CC
278400,TX,0x100,8,4E,00,19,01,A6,0D,C7,00
278400,TX,0x101,6,C6,00,1F,02,00,00,CC,CC
278400,TX,0x200,4,00,00,00,04,CC,CC,CC,CC
278600,TX,0x100,8,47,00,18,01,B3,0D,CE,00
278600,TX,0x101,6,C3,00,24,02,00,00,CC,CC
278600,TX,0x200,4,00,00,00,04,CC,CC,CC,CC
278800,TX,0x100,8,41,00,18,01,A1,0D,DC,00
278800,TX,0x101,6,CA,00,1E,02,00,00,CC,CC
278800,TX,0x200,4,00,00,00,04,CC,CC,CC,CC
279000,TX,0x100,8,3A,00,17,01,AC,0D,C8,00
279000,TX,0x101,6,C9,00,1D,02,00,00,CC,CC
279000,TX,0x200,4,00,00,00,04,CC,CC,CC,CC
279200,TX,0x100,8,35,00,16,01,AE,0D,A9,00
279200,TX,0x101,6,C8,00,23,02,00,00,CC,CC
279200,TX,0x200,4,00,00,00,04,CC,CC,CC,CC
279400,TX,0x100,8,2F,00,16,01,AE,0D,CE,00
279400,TX,0x101,6,C6,00,24,02,00,00,CC,CC
279400,TX,0x200,4,00,00,00,04,CC,CC,CC,CC
279600,TX,0x100,8,2A,00,15,01,AA,0D,D7,00
279600,TX,0x101,6,C6,00,19,02,00,00,CC,CC
279600,TX,0x200,4,00,00,00,04,CC,CC,CC,CC
279800,TX,0x100,8,24,00,15,01,A7,0D,DA,00
279800,TX,0x101,6,C6,00,1C,02,00,00,CC,CC
279800,TX,0x200,4,00,00,00,04,CC,CC,CC,CC
280000,TX,0x100,8,20,00,14,01,AA,0D,D3,00
280000,TX,0x101,6,C7,00,17,02,00,00,CC,CC
280000,TX,0x200,4,00,00,00,04,CC,CC,CC,CC
280200,TX,0x100,8,1B,00,14,01,A8,0D,D3,00
280200,TX,0x101,6,C6,00,19,02,00,00,CC,CC
280200,TX,0x200,4,00,00,00,04,CC,CC,CC,CC
280400,TX,0x100,8,17,00,13,01,A8,0D,C2,00
280400,TX,0x101,6,C4,00,1D,02,00,00,CC,CC
280400,TX,0x200,4,00,00,00,04,CC,CC,CC,CC
280600,TX,0x100,8,13,00,13,01,B0,0D,D5,00
280600,TX,0x101,6,C7,00,19,02,00,00,CC,CC
280600,TX,0x200,4,00,00,00,04,CC,CC,CC,CC
280800,TX,0x100,8,0F,00,12,01,B6,0D,C0,00
280800,TX,0x101,6,C7,00,19,02,00,00,CC,CC
280800,TX,0x200,4,00,00,00,04,CC,CC,CC,CC
281000,TX,0x100,8,0B,00,11,01,A5,0D,BD,00
281000,TX,0x101,6,C8,00,18,02,00,00,CC,CC
281000,TX,0x200,4,00,00,00,04,CC,CC,CC,CC
281200,TX,0x100,8,08,00,11,01,AA,0D,CD,00
281200,TX,0x101,6,C5,00,15,02,00,00,CC,CC
281200,TX,0x200,4,00,00,00,04,CC,CC,CC,CC
281400,TX,0x100,8,04,00,10,01,A7,0D,CB,00
281400,TX,0x101,6,C4,00,15,02,00,00,CC,CC
281400,TX,0x200,4,00,00,00,04,CC,CC,CC,CC
281600,TX,0x100,8,01,00,10,01,A9,0D,BF,00
281600,TX,0x101,6,CF,00,18,02,00,00,CC,CC
281600,TX,0x200,4,00,00,00,04,CC,CC,CC,CC
281800,TX,0x100,8,FF,FF,0F,01,A4,0D,C6,00
281800,TX,0x101,6,C6,00,10,02,00,00,CC,CC
281800,TX,0x200,4,00,00,00,04,CC,CC,CC,CC
282000,TX,0x100,8,FD,FF,0E,01,B0,0D,D5,00
282000,TX,0x101,6,C7,00,13,02,00,00,CC,CC
282000,TX,0x200,4,00,00,00,04,CC,CC,CC,CC
282200,TX,0x100,8,FA,FF,0E,01,A9,0D,E8,00
282200,TX,0x101,6,C7,00,13,02,00,00,CC,CC
282200,TX,0x200,4,00,00,00,04,CC,CC,CC,CC
282400,TX,0x100,8,F7,FF,0D,01,A5,0D,C3,00
282400,TX,0x101,6,C7,00,16,02,00,00,CC,CC
282400,TX,0x200,4,00,00,00,04,CC,CC,CC,CC
282600,TX,0x100,8,FA,FF,0C,01,A1,0D,DB,00
282600,TX,0x101,6,C7,00,11,02,00,00,CC,CC
282600,TX,0x200,4,00,00,00,04,CC,CC,CC,CC
282800,TX,0x100,8,FC,FF,0C,01,AC,0D,06,01
282800,TX,0x101,6,C8,00,0F,02,00,00,CC,CC
282800,TX,0x200,4,00,00,00,04,CC,CC,CC,CC
283000,TX,0x100,8,FE,FF,0B,01,AE,0D,26,01
283000,TX,0x101,6,C4,00,13,02,00,00,CC,CC
283000,TX,0x200,4,00,00,00,04,CC,CC,CC,CC
283200,TX,0x100,8,00,00,0A,01,A8,0D,37,01
283200,TX,0x101,6,C9,00,11,02,00,00,CC,CC
283200,TX,0x200,4,00,00,00,04,CC,CC,CC,CC
283400,TX,0x100,8,02,00,0A,01,A7,0D,68,01
283400,TX,0x101,6,C8,00,10,02,00,00,CC,CC
283400,TX,0x200,4,00,00,00,04,CC,CC,CC,CC
283600,TX,0x100,8,05,00,09,01,B7,0D,82,01
283600,TX,0x101,6,CB,00,13,02,00,00,CC,CC
283600,TX,0x200,4,00,00,00,04,CC,CC,CC,CC
283800,TX,0x100,8,06,00,08,01,B2,0D,82,01
283800,TX,0x101,6,C6,00,0F,02,00,00,CC,CC
283800,TX,0x200,4,00,00,00,04,CC,CC,CC,CC
284000,TX,0x100,8,08,00,08,01,AE,0D,A4,01
284000,TX,0x101,6,C6,00,10,02,00,00,CC,CC
284000,TX,0x200,4,00,00,00,04,CC,CC,CC,CC
284200,TX,0x100,8,0A,00,07,01,B0,0D,A7,01
284200,TX,0x101,6,CA,00,12,02,00,00,CC,CC
284200,TX,0x200,4,00,00,00,04,CC,CC,CC,CC
284400,TX,0x100,8,0C,00,06,01,AD,0D,C2,01
284400,TX,0x101,6,C7,00,0E,02,00,00,CC,CC
284400,TX,0x200,4,00,00,00,04,CC,CC,CC,CC
284600,TX,0x100,8,0D,00,05,01,AF,0D,C6,01
284600,TX,0x101,6,CC,00,0D,02,00,00,CC,CC
284600,TX,0x200,4,00,00,00,04,CC,CC,CC,CC
284800,TX,0x100,8,0F,00,04,01,AB,0D,E5,01
284800,TX,0x101,6,C4,00,0B,02,00,00,CC,CC
284800,TX,0x200,4,00,00,00,04,CC,CC,CC,CC
285000,TX,0x100,8,11,00,04,01,B0,0D,F6,01
285000,TX,0x101,6,C9,00,0F,02,00,00,CC,CC
285000,TX,0x200,4,00,00,00,04,CC,CC,CC,CC
285200,TX,0x100,8,12,00,03,01,A0,0D,EC,01
285200,TX,0x101,6,C8,00,0F,02,00,00,CC,CC
285200,TX,0x200,4,00,00,00,04,CC,CC,CC,CC
285400,TX,0x100,8,13,00,02,01,9B,0D,05,02
285400,TX,0x101,6,CB,00,0A,02,00,00,CC,CC
285400,TX,0x200,4,00,00,00,04,CC,CC,CC,CC
285600,TX,0x100,8,15,00,01,01,AB,0D,26,02
285600,TX,0x101,6,C9,00,0A,02,00,00,CC,CC
285600,TX,0x200,4,00,00,00,04,CC,CC,CC,CC
285800,TX,0x100,8,17,00,00,01,B0,0D,27,02
285800,TX,0x101,6,C8,00,0C,02,00,00,CC,CC
285800,TX,0x200,4,00,00,00,04,CC,CC,CC,CC
286000,TX,0x100,8,17,00,00,01,B4,0D,25,02
286000,TX,0x101,6,C4,00,0B,02,00,00,CC,CC
286000,TX,0x200,4,00,00,00,04,CC,CC,CC,CC
286200,TX,0x100,8,18,00,FF,00,AC,0D,27,02
286200,TX,0x101,6,C8,00,08,02,00,00,CC,CC
286200,TX,0x200,4,00,00,00,04,CC,CC,CC,CC
286400,TX,0x100,8,1A,00,FE,00,AA,0D,41,02
286400,TX,0x101,6,C9,00,10,02,00,00,CC,CC
286400,TX,0x200,4,00,00,00,04,CC,CC,CC,CC
286600,TX,0x100,8,1B,00,FD,00,AA,0D,42,02
286600,TX,0x101,6,C6,00,05,02,00,00,CC,CC
286600,TX,0x200,4,00,00,00,04,CC,CC,CC,CC
286800,TX,0x100,8,1D,00,FC,00,B3,0D,47,02
286800,TX,0x101,6,C8,00,07,02,00,00,CC,CC
286800,TX,0x200,4,00,00,00,04,CC,CC,CC,CC
287000,TX,0x100,8,1D,00,FB,00,B0,0D,3F,02
287000,TX,0x101,6,C9,00,08,02,00,00,CC,CC
287000,TX,0x200,4,00,00,00,04,CC,CC,CC,CC
287200,TX,0x100,8,1E,00,FA,00,A3,0D,4B,02
287200,TX,0x101,6,C8,00,09,02,00,00,CC,CC
287200,TX,0x200,4,00,00,00,04,CC,CC,CC,CC
287400,TX,0x100,8,20,00,FA,00,AC,0D,5D,02
287400,TX,0x101,6,C5,00,0D,02,00,00,CC,CC
287400,TX,0x200,4,00,00,00,04,CC,CC,CC,CC
287600,TX,0x100,8,20,00,F9,00,AD,0D,3E,02
287600,TX,0x101,6,CA,00,0A,02,00,00,CC,CC
287600,TX,0x200,4,00,00,00,04,CC,CC,CC,CC
287800,TX,0x100,8,21,00,F8,00,AC,0D,62,02
287800,TX,0x101,6,C7,00,07,02,00,00,CC,CC
287800,TX,0x200,4,00,00,00,04,CC,CC,CC,CC
288000,TX,0x100,8,23,00,F7,00,A9,0D,5B,02
288000,TX,0x101,6,C6,00,0C,02,00,00,CC,CC
288000,TX,0x200,4,00,00,00,04,CC,CC,CC,CC
288200,TX,0x100,8,23,00,F6,00,A6,0D,55,02
288200,TX,0x101,6,C7,00,0C,02,00,00,CC,CC
288200,TX,0x200,4,00,00,00,04,CC,CC,CC,CC
288400,TX,0x100,8,24,00,F5,00,B4,0D,6F,02
288400,TX,0x101,6,C4,00,0A,02,00,00,CC,CC
288400,TX,0x200,4,00,00,00,04,CC,CC,CC,CC
288600,TX,0x100,8,25,00,F4,00,A5,0D,73,02
288600,TX,0x101,6,C5,00,0D,02,00,00,CC,CC
288600,TX,0x200,4,00,00,00,04,CC,CC,CC,CC
288800,TX,0x100,8,2E,00,F3,00,AA,0D,8B,02
288800,TX,0x101,6,C7,00,0B,02,00,00,CC,CC
288800,TX,0x200,4,00,00,00,04,CC,CC,CC,CC
289000,TX,0x100,8,37,00,F3,00,AB,0D,9B,02
289000,TX,0x101,6,C8,00,0B,02,00,00,CC,CC
289000,TX,0x200,4,00,00,00,04,CC,CC,CC,CC
289200,TX,0x100,8,3E,00,F2,00,B0,0D,C2,02
289200,TX,0x101,6,C7,00,0C,02,00,00,CC,CC
289200,TX,0x200,4,00,00,00,04,CC,CC,CC,CC
289400,TX,0x100,8,46,00,F1,00,AD,0D,DC,02
289400,TX,0x101,6,C9,00,0D,02,00,00,CC,CC
289400,TX,0x200,4,00,00,00,04,CC,CC,CC,CC
289600,TX,0x100,8,4D,00,F0,00,A9,0D,E9,02
289600,TX,0x101,6,C9,00,07,02,00,00,CC,CC
289600,TX,0x200,4,00,00,00,04,CC,CC,CC,CC
289800,TX,0x100,8,54,00,EF,00,AA,0D,0D,03
289800,TX,0x101,6,CA,00,0F,02,00,00,CC,CC
289800,TX,0x200,4,00,00,00,04,CC,CC,CC,CC
290000,TX,0x100,8,5A,00,EE,00,B1,0D,11,03
290000,TX,0x101,6,C8,00,08,02,00,00,CC,CC
290000,TX,0x200,4,00,00,00,04,CC,CC,CC,CC
290200,TX,0x100,8,61,00,ED,00,A9,0D,14,03
290200,TX,0x101,6,C7,00,0E,02,00,00,CC,CC
290200,TX,0x200,4,00,00,00,04,CC,CC,CC,CC
290400,TX,0x100,8,67,00,EC,00,B2,0D,48,03
290400,TX,0x101,6,C7,00,0D,02,00,00,CC,CC
290400,TX,0x200,4,00,00,00,04,CC,CC,CC,CC
290600,TX,0x100,8,6D,00,EB,00,AE,0D,3F,03
290600,TX,0x101,6,C9,00,0C,02,00,00,CC,CC
290600,TX,0x200,4,00,00,00,04,CC,CC,CC,CC
290800,TX,0x100,8,72,00,EA,00,B2,0D,4B,03
290800,TX,0x101,6,C8,00,11,02,00,00,CC,CC
290800,TX,0x200,4,00,00,00,04,CC,CC,CC,CC
291000,TX,0x100,8,77,00,E9,00,9E,0D,65,03
291000,TX,0x101,6,C5,00,0A,02,00,00,CC,CC
291000,TX,0x200,4,00,00,00,04,CC,CC,CC,CC
291200,TX,0x100,8,7D,00,E8,00,B7,0D,68,03
291200,TX,0x101,6,C5,00,0A,02,00,00,CC,CC
291200,TX,0x200,4,00,00,00,04,CC,CC,CC,CC
291400,TX,0x100,8,81,00,E7,00,AF,0D,86,03
291400,TX,0x101,6,C9,00,10,02,00,00,CC,CC
291400,TX,0x200,4,00,00,00,04,CC,CC,CC,CC
291600,TX,0x100,8,85,00,E7,00,A8,0D,82,03
291600,TX,0x101,6,C7,00,09,02,00,00,CC,CC
291600,TX,0x200,4,00,00,00,04,CC,CC,CC,CC
291800,TX,0x100,8,8A,00,E6,00,AD,0D,9E,03
291800,TX,0x101,6,C6,00,13,02,00,00,CC,CC
291800,TX,0x200,4,00,00,00,04,CC,CC,CC,CC
292000,TX,0x100,8,8E,00,E5,00,AD,0D,8C,03
292000,TX,0x101,6,C7,00,0E,02,00,00,CC,CC
292000,TX,0x200,4,00,00,00,04,CC,CC,CC,CC
292200,TX,0x100,8,92,00,E5,00,B0,0D,91,03
292200,TX,0x101,6,C8,00,0C,02,00,00,CC,CC
292200,TX,0x200,4,00,00,00,04,CC,CC,CC,CC
292400,TX,0x100,8,96,00,E4,00,B0,0D,A0,03
292400,TX,0x101,6,C8,00,16,02,00,00,CC,CC
292400,TX,0x200,4,00,00,00,04,CC,CC,CC,CC
292600,TX,0x100,8,9A,00,E4,00,AF,0D,AB,03
292600,TX,0x101,6,C5,00,14,02,00,00,CC,CC
292600,TX,0x200,4,00,00,00,04,CC,CC,CC,CC
292800,TX,0x100,8,9D,00,E3,00,A6,0D,A8,03
292800,TX,0x101,6,C8,00,11,02,00,00,CC,CC
292800,TX,0x200,4,00,00,00,04,CC,CC,CC,CC
293000,TX,0x100,8,A1,00,E2,00,B1,0D,B1,03
293000,TX,0x101,6,C4,00,15,02,00,00,CC,CC
293000,TX,0x200,4,00,00,00,04,CC,CC,CC,CC
293200,TX,0x100,8,A4,00,E2,00,B2,0D,AE,03
293200,TX,0x101,6,C8,00,16,02,00,00,CC,CC
293200,TX,0x200,4,00,00,00,04,CC,CC,CC,CC
293400,TX,0x100,8,A7,00,E1,00,AD,0D,C2,03
293400,TX,0x101,6,C3,00,15,02,00,00,CC,CC
293400,TX,0x200,4,00,00,00,04,CC,CC,CC,CC
293600,TX,0x100,8,AA,00,E0,00,AF,0D,B5,03
293600,TX,0x101,6,C7,00,19,02,00,00,CC,CC
293600,TX,0x200,4,00,00,00,04,CC,CC,CC,CC
293800,TX,0x100,8,AC,00,E0,00,B1,0D,C8,03
293800,TX,0x101,6,C7,00,18,02,00,00,CC,CC
293800,TX,0x200,4,00,00,00,04,CC,CC,CC,CC
294000,TX,0x100,8,B5,00,DF,00,AF,0D,E4,03
294000,TX,0x101,6,C6,00,1E,02,00,00,CC,CC
294000,TX,0x200,4,00,00,00,04,CC,CC,CC,CC
294200,TX,0x100,8,BE,00,DE,00,B3,0D,05,04
294200,TX,0x101,6,C9,00,14,02,00,00,CC,CC
294200,TX,0x200,4,00,00,00,04,CC,CC,CC,CC
294400,TX,0x100,8,C5,00,DE,00,AC,0D,25,04
294400,TX,0x101,6,C9,00,1E,02,00,00,CC,CC
294400,TX,0x200,4,00,00,00,04,CC,CC,CC,CC
294600,TX,0x100,8,CD,00,DD,00,B0,0D,42,04
294600,TX,0x101,6,C9,00,1A,02,00,00,CC,CC
294600,TX,0x200,4,00,00,00,04,CC,CC,CC,CC
294800,TX,0x100,8,D4,00,DC,00,AF,0D,53,04
294800,TX,0x101,6,C7,00,1E,02,00,00,CC,CC
294800,TX,0x200,4,00,00,00,04,CC,CC,CC,CC
295000,TX,0x100,8,DB,00,DB,00,A7,0D,67,04
295000,TX,0x101,6,C5,00,1B,02,00,00,CC,CC
295000,TX,0x200,4,00,00,00,04,CC,CC,CC,CC
295200,TX,0x100,8,E2,00,DB,00,A9,0D,77,04
295200,TX,0x101,6,C3,00,19,02,00,00,CC,CC
295200,TX,0x200,4,00,00,00,04,CC,CC,CC,CC
295400,TX,0x100,8,E7,00,DA,00,AB,0D,7F,04
295400,TX,0x101,6,C9,00,1E,02,00,00,CC,CC
295400,TX,0x200,4,00,00,00,04,CC,CC,CC,CC
295600,TX,0x100,8,EE,00,D9,00,B2,0D,9D,04
295600,TX,0x101,6,C6,00,20,02,00,00,CC,CC
295600,TX,0x200,4,00,00,00,04,CC,CC,CC,CC
295800,TX,0x100,8,F3,00,D8,00,A9,0D,B4,04
295800,TX,0x101,6,CA,00,20,02,00,00,CC,CC
295800,TX,0x200,4,00,00,00,04,CC,CC,CC,CC
296000,TX,0x100,8,F9,00,D7,00,B4,0D,C6,04
296000,TX,0x101,6,C7,00,24,02,00,00,CC,CC
296000,TX,0x200,4,00,00,00,04,CC,CC,CC,CC
296200,TX,0x100,8,FE,00,D6,00,AA,0D,C6,04
296200,TX,0x101,6,C5,00,25,02,00,00,CC,CC
296200,TX,0x200,4,00,00,00,04,CC,CC,CC,CC
296400,TX,0x100,8,03,01,D6,00,B6,0D,D3,04
296400,TX,0x101,6,C8,00,26,02,00,00,CC,CC
296400,TX,0x200,4,00,00,00,04,CC,CC,CC,CC
296600,TX,0x100,8,08,01,D5,00,AA,0D,DD,04
296600,TX,0x101,6,C8,00,2E,02,00,00,CC,CC
296600,TX,0x200,4,00,00,00,04,CC,CC,CC,CC
296800,TX,0x100,8,0C,01,D4,00,AA,0D,D9,04
296800,TX,0x101,6,C8,00,2E,02,00,00,CC,CC
296800,TX,0x200,4,00,00,00,04,CC,CC,CC,CC
297000,TX,0x100,8,10,01,D3,00,AC,0D,F7,04
297000,TX,0x101,6,C4,00,2C,02,00,00,CC,CC
297000,TX,0x200,4,00,00,00,04,CC,CC,CC,CC
297200,TX,0x100,8,15,01,D2,00,A7,0D,E9,04
297200,TX,0x101,6,C9,00,2A,02,00,00,CC,CC
297200,TX,0x200,4,00,00,00,04,CC,CC,CC,CC
297400,TX,0x100,8,19,01,D1,00,A8,0D,03,05
297400,TX,0x101,6,C8,00,29,02,00,00,CC,CC
297400,TX,0x200,4,00,00,00,04,CC,CC,CC,CC
297600,TX,0x100,8,1D,01,D0,00,B7,0D,FE,04
297600,TX,0x101,6,CB,00,31,02,00,00,CC,CC
297600,TX,0x200,4,00,00,00,04,CC,CC,CC,CC
297800,TX,0x100,8,20,01,CF,00,A5,0D,1A,05
297800,TX,0x101,6,C8,00,2F,02,00,00,CC,CC
297800,TX,0x200,4,00,00,00,04,CC,CC,CC,CC
298000,TX,0x100,8,24,01,CE,00,AE,0D,0C,05
298000,TX,0x101,6,C9,00,2D,02,00,00,CC,CC
298000,TX,0x200,4,00,00,00,04,CC,CC,CC,CC
298200,TX,0x100,8,28,01,CE,00,A8,0D,1F,05
298200,TX,0x101,6,C5,00,38,02,00,00,CC,CC
298200,TX,0x200,4,00,00,00,04,CC,CC,CC,CC
298400,TX,0x100,8,2A,01,CD,00,A9,0D,18,05
298400,TX,0x101,6,CC,00,36,02,00,00,CC,CC
298400,TX,0x200,4,00,00,00,04,CC,CC,CC,CC
298600,TX,0x100,8,2D,01,CC,00,A2,0D,11,05
298600,TX,0x101,6,C5,00,3D,02,00,00,CC,CC
298600,TX,0x200,4,00,00,00,04,CC,CC,CC,CC
298800,TX,0x100,8,30,01,CB,00,B0,0D,2B,05
298800,TX,0x101,6,C6,00,3E,02,00,00,CC,CC
298800,TX,0x200,4,00,00,00,04,CC,CC,CC,CC
299000,TX,0x100,8,3B,01,CA,00,B1,0D,5A,05
299000,TX,0x101,6,C4,00,3D,02,00,00,CC,CC
299000,TX,0x200,4,00,00,00,04,CC,CC,CC,CC
299200,TX,0x100,8,45,01,C9,00,A3,0D,72,05
299200,TX,0x101,6,C6,00,3C,02,00,00,CC,CC
299200,TX,0x200,4,00,00,00,04,CC,CC,CC,CC
299400,TX,0x100,8,4F,01,C8,00,A5,0D,92,05
299400,TX,0x101,6,CA,00,40,02,00,00,CC,CC
299400,TX,0x200,4,00,00,00,04,CC,CC,CC,CC
299600,TX,0x100,8,59,01,C7,00,B0,0D,AD,05
299600,TX,0x101,6,C5,00,41,02,00,00,CC,CC
299600,TX,0x200,4,00,00,00,04,CC,CC,CC,CC
299800,TX,0x100,8,61,01,C6,00,B3,0D,E5,05
299800,TX,0x101,6,C4,00,3F,02,00,00,CC,CC
299800,TX,0x200,4,00,00,00,04,CC,CC,CC,CC
300000,TX,0x100,8,6A,01,C5,00,B2,0D,E9,05
300000,TX,0x101,6,C7,00,45,02,00,00,CC,CC
300000,TX,0x200,4,00,00,00,04,CC,CC,CC,CC
300200,TX,0x100,8,73,01,C4,00,A1,0D,13,06
300200,TX,0x101,6,C7,00,46,02,00,00,CC,CC
300200,TX,0x200,4,00,00,00,04,CC,CC,CC,CC
300400,TX,0x100,8,7A,01,C3,00,AD,0D,16,06
300400,TX,0x101,6,C6,00,4C,02,00,00,CC,CC
300400,TX,0x200,4,00,00,00,04,CC,CC,CC,CC
300600,TX,0x100,8,82,01,C2,00,AE,0D,34,06
300600,TX,0x101,6,C8,00,4E,02,00,00,CC,CC
300600,TX,0x200,4,00,00,00,04,CC,CC,CC,CC
300800,TX,0x100,8,89,01,C0,00,B3,0D,29,06
300800,TX,0x101,6,C5,00,4D,02,00,00,CC,CC
300800,TX,0x200,4,00,00,00,04,CC,CC,CC,CC
301000,TX,0x100,8,90,01,BF,00,AF,0D,57,06
301000,TX,0x101,6,C3,00,51,02,00,00,CC,CC
301000,TX,0x200,4,00,00,00,04,CC,CC,CC,CC
301200,TX,0x100,8,97,01,BE,00,B2,0D,66,06
301200,TX,0x101,6,C7,00,54,02,00,00,CC,CC
301200,TX,0x200,4,00,00,00,04,CC,CC,CC,CC
301400,TX,0x100,8,9D,01,BD,00,AE,0D,6F,06
301400,TX,0x101,6,C4,00,5B,02,00,00,CC,CC
301400,TX,0x200,4,00,00,00,04,CC,CC,CC,CC
301600,TX,0x100,8,A3,01,BC,00,B8,0D,7A,06
301600,TX,0x101,6,C7,00,55,02,00,00,CC,CC
301600,TX,0x200,4,00,00,00,04,CC,CC,CC,CC
301800,TX,0x100,8,A9,01,BB,00,A5,0D,82,06
301800,TX,0x101,6,C6,00,58,02,00,00,CC,CC
301800,TX,0x200,4,00,00,00,04,CC,CC,CC,CC
302000,TX,0x100,8,AE,01,B9,00,B4,0D,97,06
302000,TX,0x101,6,C7,00,5D,02,00,00,CC,CC
302000,TX,0x200,4,00,00,00,04,CC,CC,CC,CC
302200,TX,0x100,8,B3,01,B8,00,A9,0D,99,06
302200,TX,0x101,6,C9,00,66,02,00,00,CC,CC
302200,TX,0x200,4,00,00,00,04,CC,CC,CC,CC
302400,TX,0x100,8,B8,01,B7,00,B3,0D,B1,06
302400,TX,0x101,6,C2,00,65,02,00,00,CC,CC
302400,TX,0x200,4,00,00,00,04,CC,CC,CC,CC
302600,TX,0x100,8,BC,01,B6,00,A8,0D,C2,06
302600,TX,0x101,6,C8,00,68,02,00,00,CC,CC
302600,TX,0x200,4,00,00,00,04,CC,CC,CC,CC
302800,TX,0x100,8,C2,01,B5,00,B8,0D,B5,06
302800,TX,0x101,6,C6,00,70,02,00,00,CC,CC
302800,TX,0x200,4,00,00,00,04,CC,CC,CC,CC
303000,TX,0x100,8,C6,01,B3,00,AC,0D,C2,06
303000,TX,0x101,6,C8,00,6B,02,00,00,CC,CC
303000,TX,0x200,4,00,00,00,04,CC,CC,CC,CC
303200,TX,0x100,8,C9,01,B2,00,B3,0D,CA,06
303200,TX,0x101,6,CA,00,72,02,00,00,CC,CC
303200,TX,0x200,4,00,00,00,04,CC,CC,CC,CC
303400,TX,0x100,8,CC,01,B1,00,AB,0D,E8,06
303400,TX,0x101,6,C6,00,6E,02,00,00,CC,CC
303400,TX,0x200,4,00,00,00,04,CC,CC,CC,CC
303600,TX,0x100,8,CF,01,B0,00,A9,0D,D9,06
303600,TX,0x101,6,C9,00,73,02,00,00,CC,CC
303600,TX,0x200,4,00,00,00,04,CC,CC,CC,CC
303800,TX,0x100,8,D2,01,AE,00,A8,0D,D6,06
303800,TX,0x101,6,C6,00,77,02,00,00,CC,CC
303800,TX,0x200,4,00,00,00,04,CC,CC,CC,CC
304000,TX,0x100,8,D6,01,AD,00,B2,0D,E3,06
304000,TX,0x101,6,CC,00,76,02,00,00,CC,CC
304000,TX,0x200,4,00,00,00,04,CC,CC,CC,CC
304200,TX,0x100,8,E0,01,AC,00,A9,0D,E8,06
304200,TX,0x101,6,C6,00,74,02,00,00,CC,CC
304200,TX,0x200,4,00,00,00,04,CC,CC,CC,CC
304400,TX,0x100,8,EA,01,AB,00,AA,0D,F3,06
304400,TX,0x101,6,C7,00,7E,02,00,00,CC,CC
304400,TX,0x200,4,00,00,00,04,CC,CC,CC,CC
304600,TX,0x100,8,F4,01,A9,00,A9,0D,ED,06
304600,TX,0x101,6,C8,00,7F,02,00,00,CC,CC
304600,TX,0x200,4,00,00,00,04,CC,CC,CC,CC
304800,TX,0x100,8,FD,01,A8,00,A7,0D,07,07
304800,TX,0x101,6,C6,00,82,02,00,00,CC,CC
304800,TX,0x200,4,00,00,00,04,CC,CC,CC,CC
305000,TX,0x100,8,06,02,A7,00,A5,0D,FE,06
305000,TX,0x101,6,C4,00,83,02,00,00,CC,CC
305000,TX,0x200,4,00,00,00,04,CC,CC,CC,CC
305200,TX,0x100,8,0E,02,A5,00,AB,0D,F5,06
305200,TX,0x101,6,C8,00,89,02,00,00,CC,CC
305200,TX,0x200,4,00,00,00,04,CC,CC,CC,CC
305400,TX,0x100,8,16,02,A4,00,AB,0D,FE,06
305400,TX,0x101,6,C9,00,8A,02,00,00,CC,CC
305400,TX,0x200,4,00,00,00,04,CC,CC,CC,CC
305600,TX,0x100,8,1D,02,A2,00,B3,0D,FF,06
305600,TX,0x101,6,C8,00,8F,02,00,00,CC,CC
305600,TX,0x200,4,00,00,00,04,CC,CC,CC,CC
305800,TX,0x100,8,24,02,A1,00,B4,0D,FC,06
305800,TX,0x101,6,C9,00,8A,02,00,00,CC,CC
305800,TX,0x200,4,00,00,00,04,CC,CC,CC,CC
306000,TX,0x100,8,2B,02,A0,00,B0,0D,FB,06
306000,TX,0x101,6,C8,00,90,02,00,00,CC,CC
306000,TX,0x200,4,00,00,00,04,CC,CC,CC,CC
306200,TX,0x100,8,32,02,9E,00,AE,0D,F9,06
306200,TX,0x101,6,CA,00,92,02,00,00,CC,CC
306200,TX,0x200,4,00,00,00,04,CC,CC,CC,CC
306400,TX,0x100,8,38,02,9D,00,B3,0D,F7,06
306400,TX,0x101,6,CC,00,9B,02,00,00,CC,CC
306400,TX,0x200,4,00,00,00,04,CC,CC,CC,CC
306600,TX,0x100,8,3D,02,9B,00,AC,0D,F5,06
306600,TX,0x101,6,C8,00,99,02,00,00,CC,CC
306600,TX,0x200,4,00,00,00,04,CC,CC,CC,CC
306800,TX,0x100,8,43,02,9A,00,AA,0D,0B,07
306800,TX,0x101,6,C9,00,9D,02,00,00,CC,CC
306800,TX,0x200,4,00,00,00,04,CC,CC,CC,CC
307000,TX,0x100,8,48,02,98,00,AF,0D,FC,06
307000,TX,0x101,6,C6,00,9F,02,00,00,CC,CC
307000,TX,0x200,4,00,00,00,04,CC,CC,CC,CC
307200,TX,0x100,8,4D,02,97,00,A7,0D,18,07
307200,TX,0x101,6,CA,00,9C,02,00,00,CC,CC
307200,TX,0x200,4,00,00,00,04,CC,CC,CC,CC
307400,TX,0x100,8,52,02,95,00,AC,0D,11,07
307400,TX,0x101,6,C7,00,A0,02,00,00,CC,CC
307400,TX,0x200,4,00,00,00,04,CC,CC,CC,CC
307600,TX,0x100,8,56,02,94,00,B0,0D,14,07
307600,TX,0x101,6,CA,00,A1,02,00,00,CC,CC
307600,TX,0x200,4,00,00,00,04,CC,CC,CC,CC
307800,TX,0x100,8,5A,02,92,00,B0,0D,04,07
307800,TX,0x101,6,C8,00,A3,02,00,00,CC,CC
307800,TX,0x200,4,00,00,00,04,CC,CC,CC,CC
308000,TX,0x100,8,5F,02,91,00,AF,0D,0C,07
308000,TX,0x101,6,C6,00,A5,02,00,00,CC,CC
308000,TX,0x200,4,00,00,00,04,CC,CC,CC,CC
308200,TX,0x100,8,56,02,8F,00,B2,0D,65,06
308200,TX,0x101,6,C6,00,AA,02,00,00,CC,CC
308200,TX,0x200,4,00,00,00,04,CC,CC,CC,CC
308400,TX,0x100,8,4F,02,8E,00,AA,0D,DE,05
308400,TX,0x101,6,C6,00,AA,02,00,00,CC,CC
308400,TX,0x200,4,00,00,00,04,CC,CC,CC,CC
308600,TX,0x100,8,47,02,8D,00,A8,0D,58,05
308600,TX,0x101,6,C9,00,AE,02,00,00,CC,CC
308600,TX,0x200,4,00,00,00,04,CC,CC,CC,CC
308800,TX,0x100,8,41,02,8C,00,B1,0D,E7,04
308800,TX,0x101,6,CB,00,AB,02,00,00,CC,CC
308800,TX,0x200,4,00,00,00,04,CC,CC,CC,CC
309000,TX,0x100,8,3B,02,8B,00,AB,0D,96,04
309000,TX,0x101,6,C9,00,B4,02,00,00,CC,CC
309000,TX,0x200,4,00,00,00,04,CC,CC,CC,CC
309200,TX,0x100,8,34,02,8A,00,A4,0D,3F,04
309200,TX,0x101,6,C9,00,B1,02,00,00,CC,CC
309200,TX,0x200,4,00,00,00,04,CC,CC,CC,CC
309400,TX,0x100,8,2D,02,89,00,A1,0D,0D,04
309400,TX,0x101,6,C5,00,B5,02,00,00,CC,CC
309400,TX,0x200,4,00,00,00,04,CC,CC,CC,CC
309600,TX,0x100,8,28,02,88,00,A8,0D,CB,03
309600,TX,0x101,6,CA,00,B4,02,00,00,CC,CC
309600,TX,0x200,4,00,00,00,04,CC,CC,CC,CC
309800,TX,0x100,8,22,02,87,00,AC,0D,89,03
309800,TX,0x101,6,C7,00,B9,02,00,00,CC,CC
309800,TX,0x200,4,00,00,00,04,CC,CC,CC,CC
310000,TX,0x100,8,1D,02,87,00,AB,0D,75,03
310000,TX,0x101,6,C8,00,BC,02,00,00,CC,CC
310000,TX,0x200,4,00,00,00,04,CC,CC,CC,CC
310200,TX,0x100,8,19,02,86,00,A7,0D,45,03
310200,TX,0x101,6,CA,00,B9,02,00,00,CC,CC
310200,TX,0x200,4,00,00,00,04,CC,CC,CC,CC
310400,TX,0x100,8,13,02,85,00,AC,0D,2A,03
310400,TX,0x101,6,C9,00,C1,02,00,00,CC,CC
310400,TX,0x200,4,00,00,00,04,CC,CC,CC,CC
310600,TX,0x100,8,0F,02,85,00,A8,0D,0A,03
310600,TX,0x101,6,C6,00,C3,02,00,00,CC,CC
310600,TX,0x200,4,00,00,00,04,CC,CC,CC,CC
310800,TX,0x100,8,0A,02,84,00,AE,0D,F6,02
310800,TX,0x101,6,C6,00,C8,02,00,00,CC,CC
310800,TX,0x200,4,00,00,00,04,CC,CC,CC,CC
311000,TX,0x100,8,06,02,83,00,A3,0D,F7,02
311000,TX,0x101,6,C5,00,C1,02,00,00,CC,CC
311000,TX,0x200,4,00,00,00,04,CC,CC,CC,CC
311200,TX,0x100,8,02,02,83,00,A9,0D,DC,02
311200,TX,0x101,6,C7,00,C7,02,00,00,CC,CC
311200,TX,0x200,4,00,00,00,04,CC,CC,CC,CC
311400,TX,0x100,8,FE,01,82,00,AB,0D,CD,02
311400,TX,0x101,6,C9,00,C7,02,00,00,CC,CC
311400,TX,0x200,4,00,00,00,04,CC,CC,CC,CC
311600,TX,0x100,8,FA,01,82,00,A9,0D,BF,02
311600,TX,0x101,6,C6,00,C7,02,00,00,CC,CC
311600,TX,0x200,4,00,00,00,04,CC,CC,CC,CC
311800,TX,0x100,8,F7,01,81,00,AA,0D,BF,02
311800,TX,0x101,6,C6,00,CD,02,00,00,CC,CC
311800,TX,0x200,4,00,00,00,04,CC,CC,CC,CC
312000,TX,0x100,8,F3,01,81,00,A9,0D,CA,02
312000,TX,0x101,6,C6,00,CE,02,00,00,CC,CC
312000,TX,0x200,4,00,00,00,04,CC,CC,CC,CC
312200,TX,0x100,8,F1,01,80,00,B8,0D,AD,02
312200,TX,0x101,6,C5,00,D0,02,00,00,CC,CC
312200,TX,0x200,4,00,00,00,04,CC,CC,CC,CC
312400,TX,0x100,8,E8,01,80,00,AB,0D,D0,02
312400,TX,0x101,6,CA,00,D2,02,00,00,CC,CC
312400,TX,0x200,4,00,00,00,04,CC,CC,CC,CC
312600,TX,0x100,8,E1,01,7F,00,A9,0D,EB,02
312600,TX,0x101,6,C7,00,CB,02,00,00,CC,CC
312600,TX,0x200,4,00,00,00,04,CC,CC,CC,CC
312800,TX,0x100,8,DA,01,7F,00,A9,0D,01,03
312800,TX,0x101,6,C7,00,D5,02,00,00,CC,CC
312800,TX,0x200,4,00,00,00,04,CC,CC,CC,CC
313000,TX,0x100,8,D3,01,7E,00,A5,0D,31,03
313000,TX,0x101,6,CA,00,D5,02,00,00,CC,CC
313000,TX,0x200,4,00,00,00,04,CC,CC,CC,CC
313200,TX,0x100,8,CD,01,7D,00,AF,0D,42,03
313200,TX,0x101,6,C8,00,D8,02,00,00,CC,CC
313200,TX,0x200,4,00,00,00,04,CC,CC,CC,CC
313400,TX,0x100,8,C6,01,7D,00,A9,0D,49,03
313400,TX,0x101,6,C7,00,D5,02,00,00,CC,CC
313400,TX,0x200,4,00,00,00,04,CC,CC,CC,CC
313600,TX,0x100,8,C1,01,7C,00,A9,0D,62,03
313600,TX,0x101,6,C7,00,D6,02,00,00,CC,CC
313600,TX,0x200,4,00,00,00,04,CC,CC,CC,CC
313800,TX,0x100,8,BC,01,7C,00,A1,0D,73,03
313800,TX,0x101,6,C6,00,DB,02,00,00,CC,CC
313800,TX,0x200,4,00,00,00,04,CC,CC,CC,CC
314000,TX,0x100,8,B6,01,7B,00,B0,0D,81,03
314000,TX,0x101,6,CB,00,D9,02,00,00,CC,CC
314000,TX,0x200,4,00,00,00,04,CC,CC,CC,CC
314200,TX,0x100,8,B1,01,7A,00,A8,0D,A9,03
314200,TX,0x101,6,C7,00,E0,02,00,00,CC,CC
314200,TX,0x200,4,00,00,00,04,CC,CC,CC,CC
314400,TX,0x100,8,AD,01,7A,00,AD,0D,A9,03
314400,TX,0x101,6,C8,00,DC,02,00,00,CC,CC
314400,TX,0x200,4,00,00,00,04,CC,CC,CC,CC
314600,TX,0x100,8,A8,01,79,00,A8,0D,C4,03
314600,TX,0x101,6,C5,00,DF,02,00,00,CC,CC
314600,TX,0x200,4,00,00,00,04,CC,CC,CC,CC
314800,TX,0x100,8,A4,01,78,00,A6,0D,B8,03
314800,TX,0x101,6,C6,00,DC,02,00,00,CC,CC
314800,TX,0x200,4,00,00,00,04,CC,CC,CC,CC
315000,TX,0x100,8,A0,01,78,00,AE,0D,D4,03
315000,TX,0x101,6,C6,00,E2,02,00,00,CC,CC
315000,TX,0x200,4,00,00,00,04,CC,CC,CC,CC
315200,TX,0x100,8,9C,01,77,00,B4,0D,D5,03
315200,TX,0x101,6,C7,00,E0,02,00,00,CC,CC
315200,TX,0x200,4,00,00,00,04,CC,CC,CC,CC
315400,TX,0x100,8,99,01,76,00,A2,0D,DE,03
315400,TX,0x101,6,C7,00,E1,02,00,00,CC,CC
315400,TX,0x200,4,00,00,00,04,CC,CC,CC,CC
315600,TX,0x100,8,96,01,76,00,AF,0D,E5,03
315600,TX,0x101,6,C5,00,E6,02,00,00,CC,CC
315600,TX,0x200,4,00,00,00,04,CC,CC,CC,CC
315800,TX,0x100,8,93,01,75,00,A8,0D,F4,03
315800,TX,0x101,6,CB,00,E6,02,00,00,CC,CC
315800,TX,0x200,4,00,00,00,04,CC,CC,CC,CC
316000,TX,0x100,8,8F,01,74,00,AA,0D,F4,03
316000,TX,0x101,6,C8,00,E8,02,00,00,CC,CC
316000,TX,0x200,4,00,00,00,04,CC,CC,CC,CC
316200,TX,0x100,8,8D,01,74,00,A5,0D,03,04
316200,TX,0x101,6,C9,00,E6,02,00,00,CC,CC
316200,TX,0x200,4,00,00,00,04,CC,CC,CC,CC
316400,TX,0x100,8,8A,01,73,00,A8,0D,02,04
316400,TX,0x101,6,C8,00,E8,02,00,00,CC,CC
316400,TX,0x200,4,00,00,00,04,CC,CC,CC,CC
316600,TX,0x100,8,88,01,72,00,A3,0D,0B,04
316600,TX,0x101,6,C8,00,E8,02,00,00,CC,CC
316600,TX,0x200,4,00,00,00,04,CC,CC,CC,CC
316800,TX,0x100,8,85,01,72,00,A7,0D,0E,04
316800,TX,0x101,6,CA,00,EB,02,00,00,CC,CC
316800,TX,0x200,4,00,00,00,04,CC,CC,CC,CC
317000,TX,0x100,8,82,01,71,00,AC,0D,14,04
317000,TX,0x101,6,C5,00,ED,02,00,00,CC,CC
317000,TX,0x200,4,00,00,00,04,CC,CC,CC,CC
317200,TX,0x100,8,80,01,70,00,AF,0D,0E,04
317200,TX,0x101,6,C9,00,EF,02,00,00,CC,CC
317200,TX,0x200,4,00,00,00,04,CC,CC,CC,CC
317400,TX,0x100,8,7E,01,6F,00,B0,0D,13,04
317400,TX,0x101,6,C8,00,F0,02,00,00,CC,CC
317400,TX,0x200,4,00,00,00,04,CC,CC,CC,CC
317600,TX,0x100,8,7C,01,6F,00,B0,0D,0F,04
317600,TX,0x101,6,C7,00,F1,02,00,00,CC,CC
317600,TX,0x200,4,00,00,00,04,CC,CC,CC,CC
317800,TX,0x100,8,7A,01,6E,00,B0,0D,12,04
317800,TX,0x101,6,C8,00,EF,02,00,00,CC,CC
317800,TX,0x200,4,00,00,00,04,CC,CC,CC,CC
318000,TX,0x100,8,79,01,6D,00,AD,0D,2A,04
318000,TX,0x101,6,C5,00,F3,02,00,00,CC,CC
318000,TX,0x200,4,00,00,00,04,CC,CC,CC,CC
318200,TX,0x100,8,78,01,6D,00,AC,0D,27,04
318200,TX,0x101,6,C8,00,F3,02,00,00,CC,CC
318200,TX,0x200,4,00,00,00,04,CC,CC,CC,CC
318400,TX,0x100,8,75,01,6C,00,9D,0D,26,04
318400,TX,0x101,6,C7,00,F4,02,00,00,CC,CC
318400,TX,0x200,4,00,00,00,04,CC,CC,CC,CC
318600,TX,0x100,8,74,01,6B,00,AC,0D,21,04
318600,TX,0x101,6,C5,00,EF,02,00,00,CC,CC
318600,TX,0x200,4,00,00,00,04,CC,CC,CC,CC
318800,TX,0x100,8,73,01,6A,00,A9,0D,30,04
318800,TX,0x101,6,C5,00,F5,02,00,00,CC,CC
318800,TX,0x200,4,00,00,00,04,CC,CC,CC,CC
319000,TX,0x100,8,71,01,6A,00,A9,0D,2F,04
319000,TX,0x101,6,C4,00,F4,02,00,00,CC,CC
319000,TX,0x200,4,00,00,00,04,CC,CC,CC,CC
319200,TX,0x100,8,70,01,69,00,A8,0D,2C,04
319200,TX,0x101,6,C8,00,FA,02,00,00,CC,CC
319200,TX,0x200,4,00,00,00,04,CC,CC,CC,CC
319400,TX,0x100,8,6E,01,68,00,AF,0D,32,04
319400,TX,0x101,6,CB,00,F8,02,00,00,CC,CC
319400,TX,0x200,4,00,00,00,04,CC,CC,CC,CC
319600,TX,0x100,8,6E,01,67,00,A6,0D,39,04
319600,TX,0x101,6,CB,00,FD,02,00,00,CC,CC
319600,TX,0x200,4,00,00,00,04,CC,CC,CC,CC
319800,TX,0x100,8,6D,01,67,00,AA,0D,42,04
319800,TX,0x101,6,C4,00,F9,02,00,00,CC,CC
319800,TX,0x200,4,00,00,00,04,CC,CC,CC,CC
320000,TX,0x100,8,6B,01,66,00,AD,0D,40,04
320000,TX,0x101,6,C8,00,00,03,00,00,CC,CC
320000,TX,0x200,4,00,00,00,04,CC,CC,CC,CC
320200,TX,0x100,8,6A,01,65,00,AB,0D,3D,04
320200,TX,0x101,6,C9,00,FC,02,00,00,CC,CC
320200,TX,0x200,4,00,00,00,04,CC,CC,CC,CC
320400,TX,0x100,8,6A,01,64,00,AB,0D,3E,04
320400,TX,0x101,6,C2,00,FB,02,00,00,CC,CC
320400,TX,0x200,4,00,00,00,04,CC,CC,CC,CC
320600,TX,0x100,8,69,01,64,00,B4,0D,32,04
320600,TX,0x101,6,CA,00,FE,02,00,00,CC,CC
320600,TX,0x200,4,00,00,00,04,CC,CC,CC,CC
320800,TX,0x100,8,68,01,63,00,A7,0D,46,04
320800,TX,0x101,6,C5,00,00,03,00,00,CC,CC
320800,TX,0x200,4,00,00,00,04,CC,CC,CC,CC
321000,TX,0x100,8,67,01,62,00,AB,0D,38,04
321000,TX,0x101,6,C6,00,02,03,00,00,CC,CC
321000,TX,0x200,4,00,00,00,04,CC,CC,CC,CC
321200,TX,0x100,8,67,01,61,00,A7,0D,3A,04
321200,TX,0x101,6,CB,00,01,03,00,00,CC,CC
321200,TX,0x200,4,00,00,00,04,CC,CC,CC,CC
321400,TX,0x100,8,66,01,61,00,A9,0D,44,04
321400,TX,0x101,6,C8,00,0B,03,00,00,CC,CC
321400,TX,0x200,4,00,00,00,04,CC,CC,CC,CC
321600,TX,0x100,8,65,01,60,00,AA,0D,1E,04
321600,TX,0x101,6,C8,00,05,03,00,00,CC,CC
321600,TX,0x200,4,00,00,00,04,CC,CC,CC,CC
321800,TX,0x100,8,63,01,5F,00,A7,0D,18,04
321800,TX,0x101,6,C7,00,09,03,00,00,CC,CC
321800,TX,0x200,4,00,00,00,04,CC,CC,CC,CC
322000,TX,0x100,8,62,01,5E,00,B4,0D,F4,03
322000,TX,0x101,6,C9,00,0C,03,00,00,CC,CC
322000,TX,0x200,4,00,00,00,04,CC,CC,CC,CC
322200,TX,0x100,8,61,01,5E,00,B0,0D,F3,03
322200,TX,0x101,6,CB,00,0C,03,00,00,CC,CC
322200,TX,0x200,4,00,00,00,04,CC,CC,CC,CC
322400,TX,0x100,8,60,01,5D,00,AB,0D,EA,03
322400,TX,0x101,6,C8,00,0A,03,00,00,CC,CC
322400,TX,0x200,4,00,00,00,04,CC,CC,CC,CC
322600,TX,0x100,8,5F,01,5C,00,AB,0D,CD,03
322600,TX,0x101,6,C8,00,0B,03,00,00,CC,CC
322600,TX,0x200,4,00,00,00,04,CC,CC,CC,CC
322800,TX,0x100,8,5F,01,5C,00,AF,0D,CA,03
322800,TX,0x101,6,C6,00,0C,03,00,00,CC,CC
322800,TX,0x200,4,00,00,00,04,CC,CC,CC,CC
323000,TX,0x100,8,5E,01,5B,00,A9,0D,BE,03
323000,TX,0x101,6,C6,00,17,03,00,00,CC,CC
323000,TX,0x200,4,00,00,00,04,CC,CC,CC,CC
323200,TX,0x100,8,5D,01,5A,00,AC,0D,BC,03
323200,TX,0x101,6,CA,00,16,03,00,00,CC,CC
323200,TX,0x200,4,00,00,00,04,CC,CC,CC,CC
323400,TX,0x100,8,5C,01,5A,00,AE,0D,B4,03
323400,TX,0x101,6,C7,00,0F,03,00,00,CC,CC
323400,TX,0x200,4,00,00,00,04,CC,CC,CC,CC
323600,TX,0x100,8,5B,01,59,00,B0,0D,C7,03
323600,TX,0x101,6,CA,00,15,03,00,00,CC,CC
323600,TX,0x200,4,00,00,00,04,CC,CC,CC,CC
323800,TX,0x100,8,5A,01,59,00,AE,0D,A6,03
323800,TX,0x101,6,CA,00,11,03,00,00,CC,CC
323800,TX,0x200,4,00,00,00,04,CC,CC,CC,CC
324000,TX,0x100,8,5A,01,58,00,A9,0D,B3,03
324000,TX,0x101,6,C6,00,12,03,00,00,CC,CC
324000,TX,0x200,4,00,00,00,04,CC,CC,CC,CC
324200,TX,0x100,8,59,01,57,00,AA,0D,B4,03
324200,TX,0x101,6,CA,00,19,03,00,00,CC,CC
324200,TX,0x200,4,00,00,00,04,CC,CC,CC,CC
324400,TX,0x100,8,58,01,57,00,B1,0D,A3,03
324400,TX,0x101,6,C7,00,15,03,00,00,CC,CC
324400,TX,0x200,4,00,00,00,04,CC,CC,CC,CC
324600,TX,0x100,8,58,01,56,00,A5,0D,B0,03
324600,TX,0x101,6,C6,00,14,03,00,00,CC,CC
324600,TX,0x200,4,00,00,00,04,CC,CC,CC,CC
324800,TX,0x100,8,58,01,55,00,AC,0D,B0,03
324800,TX,0x101,6,C5,00,1E,03,00,00,CC,CC
324800,TX,0x200,4,00,00,00,04,CC,CC,CC,CC
325000,TX,0x100,8,56,01,55,00,A8,0D,AB,03
325000,TX,0x101,6,C6,00,1B,03,00,00,CC,CC
325000,TX,0x200,4,00,00,00,04,CC,CC,CC,CC
325200,TX,0x100,8,56,01,54,00,A8,0D,9A,03
325200,TX,0x101,6,C4,00,1A,03,00,00,CC,CC
325200,TX,0x200,4,00,00,00,04,CC,CC,CC,CC
325400,TX,0x100,8,56,01,53,00,A8,0D,A7,03
325400,TX,0x101,6,C7,00,19,03,00,00,CC,CC
325400,TX,0x200,4,00,00,00,04,CC,CC,CC,CC
325600,TX,0x100,8,55,01,53,00,A9,0D,A4,03
325600,TX,0x101,6,C8,00,1C,03,00,00,CC,CC
325600,TX,0x200,4,00,00,00,04,CC,CC,CC,CC
325800,TX,0x100,8,55,01,52,00,BA,0D,A1,03
325800,TX,0x101,6,C9,00,1C,03,00,00,CC,CC
325800,TX,0x200,4,00,00,00,04,CC,CC,CC,CC
326000,TX,0x100,8,54,01,52,00,AD,0D,95,03
326000,TX,0x101,6,CC,00,1D,03,00,00,CC,CC
326000,TX,0x200,4,00,00,00,04,CC,CC,CC,CC
326200,TX,0x100,8,54,01,51,00,AA,0D,98,03
326200,TX,0x101,6,CB,00,1E,03,00,00,CC,CC
326200,TX,0x200,4,00,00,00,04,CC,CC,CC,CC
326400,TX,0x100,8,54,01,50,00,AD,0D,97,03
326400,TX,0x101,6,CA,00,21,03,00,00,CC,CC
326400,TX,0x200,4,00,00,00,04,CC,CC,CC,CC
326600,TX,0x100,8,53,01,50,00,AA,0D,26,03
326600,TX,0x101,6,C6,00,1E,03,00,00,CC,CC
326600,TX,0x200,4,00,00,00,04,CC,CC,CC,CC
326800,TX,0x100,8,52,01,4F,00,AE,0D,BD,02
326800,TX,0x101,6,C8,00,20,03,00,00,CC,CC
326800,TX,0x200,4,00,00,00,04,CC,CC,CC,CC
327000,TX,0x100,8,51,01,4F,00,A5,0D,79,02
327000,TX,0x101,6,CC,00,24,03,00,00,CC,CC
327000,TX,0x200,4,00,00,00,04,CC,CC,CC,CC
327200,TX,0x100,8,51,01,4F,00,AB,0D,3C,02
327200,TX,0x101,6,C4,00,27,03,00,00,CC,CC
327200,TX,0x200,4,00,00,00,04,CC,CC,CC,CC
327400,TX,0x100,8,50,01,4E,00,A7,0D,03,02
327400,TX,0x101,6,C8,00,23,03,00,00,CC,CC
327400,TX,0x200,4,00,00,00,04,CC,CC,CC,CC
327600,TX,0x100,8,50,01,4E,00,AF,0D,D7,01
327600,TX,0x101,6,C9,00,1F,03,00,00,CC,CC
327600,TX,0x200,4,00,00,00,04,CC,CC,CC,CC
327800,TX,0x100,8,4F,01,4E,00,AB,0D,B5,01
327800,TX,0x101,6,C6,00,23,03,00,00,CC,CC
327800,TX,0x200,4,00,00,00,04,CC,CC,CC,CC
328000,TX,0x100,8,4E,01,4D,00,B4,0D,7F,01
328000,TX,0x101,6,C9,00,25,03,00,00,CC,CC
328000,TX,0x200,4,00,00,00,04,CC,CC,CC,CC
328200,TX,0x100,8,4D,01,4D,00,B3,0D,6D,01
328200,TX,0x101,6,CB,00,23,03,00,00,CC,CC
328200,TX,0x200,4,00,00,00,04,CC,CC,CC,CC
328400,TX,0x100,8,4D,01,4D,00,AB,0D,41,01
328400,TX,0x101,6,C4,00,1F,03,00,00,CC,CC
328400,TX,0x200,4,00,00,00,04,CC,CC,CC,CC
328600,TX,0x100,8,4C,01,4D,00,AE,0D,3F,01
328600,TX,0x101,6,C6,00,27,03,00,00,CC,CC
328600,TX,0x200,4,00,00,00,04,CC,CC,CC,CC
328800,TX,0x100,8,4B,01,4D,00,A4,0D,27,01
328800,TX,0x101,6,C8,00,28,03,00,00,CC,CC
328800,TX,0x200,4,00,00,00,04,CC,CC,CC,CC
329000,TX,0x100,8,4A,01,4C,00,AE,0D,16,01
329000,TX,0x101,6,C6,00,24,03,00,00,CC,CC
329000,TX,0x200,4,00,00,00,04,CC,CC,CC,CC
329200,TX,0x100,8,4A,01,4C,00,AF,0D,17,01
329200,TX,0x101,6,C9,00,21,03,00,00,CC,CC
329200,TX,0x200,4,00,00,00,04,CC,CC,CC,CC
329400,TX,0x100,8,4A,01,4C,00,B5,0D,0A,01
329400,TX,0x101,6,C8,00,25,03,00,00,CC,CC
329400,TX,0x200,4,00,00,00,04,CC,CC,CC,CC
329600,TX,0x100,8,48,01,4C,00,B2,0D,03,01
329600,TX,0x101,6,C6,00,25,03,00,00,CC,CC
329600,TX,0x200,4,00,00,00,04,CC,CC,CC,CC
329800,TX,0x100,8,47,01,4C,00,AB,0D,F1,00
329800,TX,0x101,6,C6,00,26,03,00,00,CC,CC
329800,TX,0x200,4,00,00,00,04,CC,CC,CC,CC
330000,TX,0x100,8,48,01,4C,00,AA,0D,EA,00
330000,TX,0x101,6,C9,00,1E,03,00,00,CC,CC
330000,TX,0x200,4,00,00,00,04,CC,CC,CC,CC
330200,TX,0x100,8,46,01,4C,00,B5,0D,FA,00
330200,TX,0x101,6,C3,00,26,03,00,00,CC,CC
330200,TX,0x200,4,00,00,00,04,CC,CC,CC,CC
330400,TX,0x100,8,46,01,4C,00,AE,0D,E5,00
330400,TX,0x101,6,C8,00,29,03,00,00,CC,CC
330400,TX,0x200,4,00,00,00,04,CC,CC,CC,CC
330600,TX,0x100,8,45,01,4B,00,A7,0D,DB,00
330600,TX,0x101,6,C9,00,24,03,00,00,CC,CC
330600,TX,0x200,4,00,00,00,04,CC,CC,CC,CC
330800,TX,0x100,8,44,01,4B,00,AE,0D,D9,00
330800,TX,0x101,6,C5,00,25,03,00,00,CC,CC
330800,TX,0x200,4,00,00,00,04,CC,CC,CC,CC
331000,TX,0x100,8,45,01,4B,00,B0,0D,DC,00
331000,TX,0x101,6,C6,00,26,03,00,00,CC,CC
331000,TX,0x200,4,00,00,00,04,CC,CC,CC,CC
331200,TX,0x100,8,43,01,4B,00,AA,0D,D3,00
331200,TX,0x101,6,C7,00,26,03,00,00,CC,CC
331200,TX,0x200,4,00,00,00,04,CC,CC,CC,CC
331400,TX,0x100,8,43,01,4B,00,B0,0D,D0,00
331400,TX,0x101,6,C9,00,25,03,00,00,CC,CC
331400,TX,0x200,4,00,00,00,04,CC,CC,CC,CC
331600,TX,0x100,8,42,01,4B,00,AD,0D,DB,00
331600,TX,0x101,6,C8,00,21,03,00,00,CC,CC
331600,TX,0x200,4,00,00,00,04,CC,CC,CC,CC
331800,TX,0x100,8,41,01,4B,00,AE,0D,BD,00
331800,TX,0x101,6,C7,00,1D,03,00,00,CC,CC
331800,TX,0x200,4,00,00,00,04,CC,CC,CC,CC
332000,TX,0x100,8,41,01,4B,00,A8,0D,D2,00
332000,TX,0x101,6,C6,00,21,03,00,00,CC,CC
332000,TX,0x200,4,00,00,00,04,CC,CC,CC,CC
332200,TX,0x100,8,40,01,4B,00,B2,0D,BE,00
332200,TX,0x101,6,C6,00,24,03,00,00,CC,CC
332200,TX,0x200,4,00,00,00,04,CC,CC,CC,CC
332400,TX,0x100,8,3F,01,4A,00,AC,0D,D5,00
332400,TX,0x101,6,C5,00,24,03,00,00,CC,CC
332400,TX,0x200,4,00,00,00,04,CC,CC,CC,CC
332600,TX,0x100,8,3F,01,4A,00,AD,0D,CC,00
332600,TX,0x101,6,C6,00,23,03,00,00,CC,CC
332600,TX,0x200,4,00,00,00,04,CC,CC,CC,CC
332800,TX,0x100,8,3F,01,4A,00,AE,0D,C5,00
332800,TX,0x101,6,C6,00,1D,03,00,00,CC,CC
332800,TX,0x200,4,00,00,00,04,CC,CC,CC,CC
333000,TX,0x100,8,3E,01,4A,00,B1,0D,BB,00
333000,TX,0x101,6,C7,00,1F,03,00,00,CC,CC
333000,TX,0x200,4,00,00,00,04,CC,CC,CC,CC
333200,TX,0x100,8,3E,01,4A,00,AD,0D,C5,00
333200,TX,0x101,6,C9,00,1C,03,00,00,CC,CC
333200,TX,0x200,4,00,00,00,04,CC,CC,CC,CC
333400,TX,0x100,8,3D,01,4A,00,AE,0D,CA,00
333400,TX,0x101,6,C7,00,1A,03,00,00,CC,CC
333400,TX,0x200,4,00,00,00,04,CC,CC,CC,CC
333600,TX,0x100,8,3D,01,4A,00,AB,0D,D0,00
333600,TX,0x101,6,C8,00,1C,03,00,00,CC,CC
333600,TX,0x200,4,00,00,00,04,CC,CC,CC,CC
333800,TX,0x100,8,3D,01,4A,00,AE,0D,D8,00
333800,TX,0x101,6,C6,00,19,03,00,00,CC,CC
333800,TX,0x200,4,00,00,00,04,CC,CC,CC,CC
334000,TX,0x100,8,3C,01,4A,00,AE,0D,B9,00
334000,TX,0x101,6,CC,00,16,03,00,00,CC,CC
334000,TX,0x200,4,00,00,00,04,CC,CC,CC,CC
334200,TX,0x100,8,3C,01,4A,00,B1,0D,CD,00
334200,TX,0x101,6,C9,00,18,03,00,00,CC,CC
334200,TX,0x200,4,00,00,00,04,CC,CC,CC,CC
334400,TX,0x100,8,3B,01,4A,00,A6,0D,BC,00
334400,TX,0x101,6,C5,00,19,03,00,00,CC,CC
334400,TX,0x200,4,00,00,00,04,CC,CC,CC,CC
334600,TX,0x100,8,3A,01,49,00,AE,0D,CC,00
334600,TX,0x101,6,C8,00,0F,03,00,00,CC,CC
334600,TX,0x200,4,00,00,00,04,CC,CC,CC,CC
334800,TX,0x100,8,3A,01,49,00,B4,0D,CF,00
334800,TX,0x101,6,C7,00,18,03,00,00,CC,CC
334800,TX,0x200,4,00,00,00,04,CC,CC,CC,CC
335000,TX,0x100,8,3A,01,49,00,A9,0D,CB,00
335000,TX,0x101,6,C7,00,17,03,00,00,CC,CC
335000,TX,0x200,4,00,00,00,04,CC,CC,CC,CC
335200,TX,0x100,8,39,01,49,00,A9,0D,D8,00
335200,TX,0x101,6,C4,00,11,03,00,00,CC,CC
335200,TX,0x200,4,00,00,00,04,CC,CC,CC,CC
335400,TX,0x100,8,39,01,49,00,AD,0D,C4,00
335400,TX,0x101,6,C6,00,11,03,00,00,CC,CC
335400,TX,0x200,4,00,00,00,04,CC,CC,CC,CC
335600,TX,0x100,8,39,01,49,00,A6,0D,C2,00
335600,TX,0x101,6,C7,00,10,03,00,00,CC,CC
335600,TX,0x200,4,00,00,00,04,CC,CC,CC,CC
335800,TX,0x100,8,39,01,49,00,AE,0D,C5,00
335800,TX,0x101,6,C9,00,11,03,00,00,CC,CC
335800,TX,0x200,4,00,00,00,04,CC,CC,CC,CC
336000,TX,0x100,8,38,01,49,00,B1,0D,D3,00
336000,TX,0x101,6,C8,00,11,03,00,00,CC,CC
336000,TX,0x200,4,00,00,00,04,CC,CC,CC,CC
336200,TX,0x100,8,37,01,49,00,AF,0D,DC,00
336200,TX,0x101,6,C7,00,0D,03,00,00,CC,CC
336200,TX,0x200,4,00,00,00,04,CC,CC,CC,CC
336400,TX,0x100,8,37,01,49,00,AA,0D,CD,00
336400,TX,0x101,6,C7,00,0B,03,00,00,CC,CC
336400,TX,0x200,4,00,00,00,04,CC,CC,CC,CC
336600,TX,0x100,8,36,01,48,00,AB,0D,B5,00
336600,TX,0x101,6,C8,00,08,03,00,00,CC,CC
336600,TX,0x200,4,00,00,00,04,CC,CC,CC,CC
336800,TX,0x100,8,36,01,48,00,A6,0D,CB,00
336800,TX,0x101,6,C5,00,0D,03,00,00,CC,CC
336800,TX,0x200,4,00,00,00,04,CC,CC,CC,CC
337000,TX,0x100,8,36,01,48,00,A3,0D,AE,00
337000,TX,0x101,6,C4,00,0A,03,00,00,CC,CC
337000,TX,0x200,4,00,00,00,04,CC,CC,CC,CC
337200,TX,0x100,8,36,01,48,00,A5,0D,B6,00
337200,TX,0x101,6,C9,00,09,03,00,00,CC,CC
337200,TX,0x200,4,00,00,00,04,CC,CC,CC,CC
337400,TX,0x100,8,35,01,48,00,AA,0D,C7,00
337400,TX,0x101,6,C5,00,04,03,00,00,CC,CC
337400,TX,0x200,4,00,00,00,04,CC,CC,CC,CC
337600,TX,0x100,8,35,01,48,00,A8,0D,D8,00
337600,TX,0x101,6,C6,00,08,03,00,00,CC,CC
337600,TX,0x200,4,00,00,00,04,CC,CC,CC,CC
337800,TX,0x100,8,34,01,48,00,A9,0D,C5,00
337800,TX,0x101,6,C8,00,03,03,00,00,CC,CC
337800,TX,0x200,4,00,00,00,04,CC,CC,CC,CC
338000,TX,0x100,8,34,01,48,00,AB,0D,D2,00
338000,TX,0x101,6,C5,00,02,03,00,00,CC,CC
338000,TX,0x200,4,00,00,00,04,CC,CC,CC,CC
338200,TX,0x100,8,34,01,48,00,AB,0D,D9,00
338200,TX,0x101,6,C6,00,01,03,00,00,CC,CC
338200,TX,0x200,4,00,00,00,04,CC,CC,CC,CC
338400,TX,0x100,8,34,01,48,00,B0,0D,CA,00
338400,TX,0x101,6,C9,00,FE,02,00,00,CC,CC
338400,TX,0x200,4,00,00,00,04,CC,CC,CC,CC
338600,TX,0x100,8,33,01,47,00,A9,0D,D0,00
338600,TX,0x101,6,CA,00,FE,02,00,00,CC,CC
338600,TX,0x200,4,00,00,00,04,CC,CC,CC,CC
338800,TX,0x100,8,33,01,47,00,A6,0D,C4,00
338800,TX,0x101,6,C9,00,00,03,00,00,CC,CC
338800,TX,0x200,4,00,00,00,04,CC,CC,CC,CC
339000,TX,0x100,8,33,01,47,00,A8,0D,BF,00
339000,TX,0x101,6,C9,00,FD,02,00,00,CC,CC
339000,TX,0x200,4,00,00,00,04,CC,CC,CC,CC
339200,TX,0x100,8,33,01,47,00,9F,0D,BE,00
339200,TX,0x101,6,C6,00,FC,02,00,00,CC,CC
339200,TX,0x200,4,00,00,00,04,CC,CC,CC,CC
339400,TX,0x100,8,32,01,47,00,AD,0D,D9,00
339400,TX,0x101,6,C9,00,F7,02,00,00,CC,CC
339400,TX,0x200,4,00,00,00,04,CC,CC,CC,CC
339600,TX,0x100,8,32,01,47,00,B1,0D,C9,00
339600,TX,0x101,6,C8,00,F7,02,00,00,CC,CC
339600,TX,0x200,4,00,00,00,04,CC,CC,CC,CC
339800,TX,0x100,8,32,01,47,00,AF,0D,C7,00
339800,TX,0x101,6,CB,00,F8,02,00,00,CC,CC
339800,TX,0x200,4,00,00,00,04,CC,CC,CC,CC
340000,TX,0x100,8,31,01,47,00,AD,0D,BE,00
340000,TX,0x101,6,C6,00,F7,02,00,00,CC,CC
340000,TX,0x200,4,00,00,00,04,CC,CC,CC,CC
340200,TX,0x100,8,31,01,47,00,A3,0D,BC,00
340200,TX,0x101,6,CA,00,EF,02,00,00,CC,CC
340200,TX,0x200,4,00,00,00,04,CC,CC,CC,CC
340400,TX,0x100,8,31,01,47,00,AC,0D,BB,00
340400,TX,0x101,6,C8,00,F0,02,00,00,CC,CC
340400,TX,0x200,4,00,00,00,04,CC,CC,CC,CC
340600,TX,0x100,8,31,01,47,00,A9,0D,C2,00
340600,TX,0x101,6,C4,00,F2,02,00,00,CC,CC
340600,TX,0x200,4,00,00,00,04,CC,CC,CC,CC
340800,TX,0x100,8,30,01,46,00,B6,0D,C0,00
340800,TX,0x101,6,CB,00,F0,02,00,00,CC,CC
340800,TX,0x200,4,00,00,00,04,CC,CC,CC,CC
341000,TX,0x100,8,30,01,46,00,AC,0D,CB,00
341000,TX,0x101,6,C8,00,ED,02,00,00,CC,CC
341000,TX,0x200,4,00,00,00,04,CC,CC,CC,CC
341200,TX,0x100,8,30,01,46,00,A5,0D,CC,00
341200,TX,0x101,6,CB,00,EE,02,00,00,CC,CC
341200,TX,0x200,4,00,00,00,04,CC,CC,CC,CC
341400,TX,0x100,8,30,01,46,00,AC,0D,C7,00
341400,TX,0x101,6,CA,00,E9,02,00,00,CC,CC
341400,TX,0x200,4,00,00,00,04,CC,CC,CC,CC
341600,TX,0x100,8,2F,01,46,00,A9,0D,C4,00
341600,TX,0x101,6,C6,00,EF,02,00,00,CC,CC
341600,TX,0x200,4,00,00,00,04,CC,CC,CC,CC
341800,TX,0x100,8,30,01,46,00,A7,0D,CF,00
341800,TX,0x101,6,C5,00,E9,02,00,00,CC,CC
341800,TX,0x200,4,00,00,00,04,CC,CC,CC,CC
342000,TX,0x100,8,2F,01,46,00,A6,0D,BA,00
342000,TX,0x101,6,C8,00,E1,02,00,00,CC,CC
342000,TX,0x200,4,00,00,00,04,CC,CC,CC,CC
342200,TX,0x100,8,2F,01,46,00,AB,0D,B5,00
342200,TX,0x101,6,C7,00,E1,02,00,00,CC,CC
342200,TX,0x200,4,00,00,00,04,CC,CC,CC,CC
342400,TX,0x100,8,2F,01,46,00,AF,0D,C6,00
342400,TX,0x101,6,C6,00,E7,02,00,00,CC,CC
342400,TX,0x200,4,00,00,00,04,CC,CC,CC,CC
342600,TX,0x100,8,2F,01,46,00,AB,0D,D5,00
342600,TX,0x101,6,C6,00,DF,02,00,00,CC,CC
342600,TX,0x200,4,00,00,00,04,CC,CC,CC,CC
342800,TX,0x100,8,2F,01,45,00,AF,0D,CC,00
342800,TX,0x101,6,C5,00,DF,02,00,00,CC,CC
342800,TX,0x200,4,00,00,00,04,CC,CC,CC,CC
343000,TX,0x100,8,2E,01,45,00,AD,0D,C2,00
343000,TX,0x101,6,C6,00,DB,02,00,00,CC,CC
343000,TX,0x200,4,00,00,00,04,CC,CC,CC,CC
343200,TX,0x100,8,2E,01,45,00,A6,0D,C4,00
343200,TX,0x101,6,C7,00,DA,02,00,00,CC,CC
343200,TX,0x200,4,00,00,00,04,CC,CC,CC,CC
343400,TX,0x100,8,2D,01,45,00,AD,0D,B0,00
343400,TX,0x101,6,C8,00,D6,02,00,00,CC,CC
343400,TX,0x200,4,00,00,00,04,CC,CC,CC,CC
343600,TX,0x100,8,2D,01,45,00,B0,0D,B9,00
343600,TX,0x101,6,CB,00,D8,02,00,00,CC,CC
343600,TX,0x200,4,00,00,00,04,CC,CC,CC,CC
343800,TX,0x100,8,2D,01,45,00,AF,0D,C4,00
343800,TX,0x101,6,C9,00,D8,02,00,00,CC,CC
343800,TX,0x200,4,00,00,00,04,CC,CC,CC,CC
344000,TX,0x100,8,2D,01,45,00,B1,0D,D1,00
344000,TX,0x101,6,C9,00,D2,02,00,00,CC,CC
344000,TX,0x200,4,00,00,00,04,CC,CC,CC,CC
344200,TX,0x100,8,2C,01,45,00,AC,0D,C7,00
344200,TX,0x101,6,CA,00,CF,02,00,00,CC,CC
344200,TX,0x200,4,00,00,00,04,CC,CC,CC,CC
344400,TX,0x100,8,2C,01,45,00,AB,0D,D4,00
344400,TX,0x101,6,C9,00,D6,02,00,00,CC,CC
344400,TX,0x200,4,00,00,00,04,CC,CC,CC,CC
344600,TX,0x100,8,2C,01,45,00,AC,0D,CB,00
344600,TX,0x101,6,C8,00,CB,02,00,00,CC,CC
344600,TX,0x200,4,00,00,00,04,CC,CC,CC,CC
344800,TX,0x100,8,2C,01,45,00,A3,0D,CB,00
344800,TX,0x101,6,C5,00,CD,02,00,00,CC,CC
344800,TX,0x200,4,00,00,00,04,CC,CC,CC,CC
345000,TX,0x100,8,2C,01,44,00,AD,0D,C6,00
345000,TX,0x101,6,C9,00,C8,02,00,00,CC,CC
345000,TX,0x200,4,00,00,00,04,CC,CC,CC,CC
345200,TX,0x100,8,2C,01,44,00,AA,0D,CD,00
345200,TX,0x101,6,C7,00,CA,02,00,00,CC,CC
345200,TX,0x200,4,00,00,00,04,CC,CC,CC,CC
345400,TX,0x100,8,2C,01,44,00,B0,0D,C4,00
345400,TX,0x101,6,C6,00,C1,02,00,00,CC,CC
345400,TX,0x200,4,00,00,00,04,CC,CC,CC,CC
345600,TX,0x100,8,2B,01,44,00,AF,0D,C4,00
345600,TX,0x101,6,CA,00,CB,02,00,00,CC,CC
345600,TX,0x200,4,00,00,00,04,CC,CC,CC,CC
345800,TX,0x100,8,2C,01,44,00,B6,0D,C0,00
345800,TX,0x101,6,C4,00,C5,02,00,00,CC,CC
345800,TX,0x200,4,00,00,00,04,CC,CC,CC,CC
346000,TX,0x100,8,2B,01,44,00,AB,0D,C9,00
346000,TX,0x101,6,C9,00,C5,02,00,00,CC,CC
346000,TX,0x200,4,00,00,00,04,CC,CC,CC,CC
346200,TX,0x100,8,2B,01,44,00,AF,0D,BB,00
346200,TX,0x101,6,C8,00,C3,02,00,00,CC,CC
346200,TX,0x200,4,00,00,00,04,CC,CC,CC,CC
346400,TX,0x100,8,2C,01,44,00,AA,0D,CD,00
346400,TX,0x101,6,C8,00,C2,02,00,00,CC,CC
346400,TX,0x200,4,00,00,00,04,CC,CC,CC,CC
346600,TX,0x100,8,2B,01,44,00,B0,0D,CE,00
346600,TX,0x101,6,C6,00,C4,02,00,00,CC,CC
346600,TX,0x200,4,00,00,00,04,CC,CC,CC,CC
346800,TX,0x100,8,2A,01,44,00,B0,0D,C4,00
346800,TX,0x101,6,C8,00,BE,02,00,00,CC,CC
346800,TX,0x200,4,00,00,00,04,CC,CC,CC,CC
347000,TX,0x100,8,2B,01,43,00,AC,0D,C9,00
347000,TX,0x101,6,C9,00,B8,02,00,00,CC,CC
347000,TX,0x200,4,00,00,00,04,CC,CC,CC,CC
347200,TX,0x100,8,2B,01,43,00,A9,0D,CB,00
347200,TX,0x101,6,C5,00,C2,02,00,00,CC,CC
347200,TX,0x200,4,00,00,00,04,CC,CC,CC,CC
347400,TX,0x100,8,2A,01,43,00,A8,0D,B3,00
347400,TX,0x101,6,C8,00,B9,02,00,00,CC,CC
347400,TX,0x200,4,00,00,00,04,CC,CC,CC,CC
347600,TX,0x100,8,2A,01,43,00,A3,0D,AA,00
347600,TX,0x101,6,C7,00,B6,02,00,00,CC,CC
347600,TX,0x200,4,00,00,00,04,CC,CC,CC,CC
347800,TX,0x100,8,29,01,43,00,AE,0D,BE,00
347800,TX,0x101,6,C8,00,B9,02,00,00,CC,CC
347800,TX,0x200,4,00,00,00,04,CC,CC,CC,CC
348000,TX,0x100,8,2A,01,43,00,A5,0D,CF,00
348000,TX,0x101,6,C7,00,B4,02,00,00,CC,CC
348000,TX,0x200,4,00,00,00,04,CC,CC,CC,CC
348200,TX,0x100,8,2A,01,43,00,B8,0D,D8,00
348200,TX,0x101,6,C5,00,B4,02,00,00,CC,CC
348200,TX,0x200,4,00,00,00,04,CC,CC,CC,CC
348400,TX,0x100,8,2A,01,43,00,A8,0D,BA,00
348400,TX,0x101,6,C6,00,B7,02,00,00,CC,CC
348400,TX,0x200,4,00,00,00,04,CC,CC,CC,CC
348600,TX,0x100,8,29,01,43,00,A8,0D,CA,00
348600,TX,0x101,6,C7,00,B4,02,00,00,CC,CC
348600,TX,0x200,4,00,00,00,04,CC,CC,CC,CC
348800,TX,0x100,8,29,01,43,00,B1,0D,CE,00
348800,TX,0x101,6,C8,00,AE,02,00,00,CC,CC
348800,TX,0x200,4,00,00,00,04,CC,CC,CC,CC
349000,TX,0x100,8,29,01,42,00,A5,0D,BE,00
349000,TX,0x101,6,C5,00,AD,02,00,00,CC,CC
349000,TX,0x200,4,00,00,00,04,CC,CC,CC,CC
349200,TX,0x100,8,29,01,42,00,A5,0D,C7,00
349200,TX,0x101,6,C7,00,B0,02,00,00,CC,CC
349200,TX,0x200,4,00,00,00,04,CC,CC,CC,CC
349400,TX,0x100,8,29,01,42,00,AA,0D,C6,00
349400,TX,0x101,6,C6,00,A9,02,00,00,CC,CC
349400,TX,0x200,4,00,00,00,04,CC,CC,CC,CC
349600,TX,0x100,8,29,01,42,00,B2,0D,BE,00
349600,TX,0x101,6,C9,00,A6,02,00,00,CC,CC
349600,TX,0x200,4,00,00,00,04,CC,CC,CC,CC
349800,TX,0x100,8,28,01,42,00,AC,0D,C5,00
349800,TX,0x101,6,CA,00,A6,02,00,00,CC,CC
349800,TX,0x200,4,00,00,00,04,CC,CC,CC,CC
350000,TX,0x100,8,28,01,42,00,AA,0D,D5,00
350000,TX,0x101,6,CB,00,A0,02,00,00,CC,CC
350000,TX,0x200,4,00,00,00,04,CC,CC,CC,CC
350200,TX,0x100,8,29,01,42,00,AC,0D,CB,00
350200,TX,0x101,6,C9,00,A0,02,00,00,CC,CC
350200,TX,0x200,4,00,00,00,04,CC,CC,CC,CC
350400,TX,0x100,8,28,01,42,00,AD,0D,D0,00
350400,TX,0x101,6,CA,00,9E,02,00,00,CC,CC
350400,TX,0x200,4,00,00,00,04,CC,CC,CC,CC
350600,TX,0x100,8,29,01,42,00,AB,0D,D3,00
350600,TX,0x101,6,C8,00,A0,02,00,00,CC,CC
350600,TX,0x200,4,00,00,00,04,CC,CC,CC,CC
350800,TX,0x100,8,28,01,42,00,B0,0D,D2,00
350800,TX,0x101,6,C9,00,9E,02,00,00,CC,CC
350800,TX,0x200,4,00,00,00,04,CC,CC,CC,CC
351000,TX,0x100,8,28,01,42,00,A9,0D,B8,00
351000,TX,0x101,6,C7,00,9D,02,00,00,CC,CC
351000,TX,0x200,4,00,00,00,04,CC,CC,CC,CC
351200,TX,0x100,8,28,01,41,00,B0,0D,C2,00
351200,TX,0x101,6,C7,00,9D,02,00,00,CC,CC
351200,TX,0x200,4,00,00,00,04,CC,CC,CC,CC
351400,TX,0x100,8,28,01,41,00,AB,0D,D0,00
351400,TX,0x101,6,C7,00,97,02,00,00,CC,CC
351400,TX,0x200,4,00,00,00,04,CC,CC,CC,CC
351600,TX,0x100,8,28,01,41,00,AA,0D,C9,00
351600,TX,0x101,6,CA,00,99,02,00,00,CC,CC
351600,TX,0x200,4,00,00,00,04,CC,CC,CC,CC
351800,TX,0x100,8,28,01,41,00,AC,0D,CD,00
351800,TX,0x101,6,CA,00,97,02,00,00,CC,CC
351800,TX,0x200,4,00,00,00,04,CC,CC,CC,CC
352000,TX,0x100,8,28,01,41,00,AD,0D,BD,00
352000,TX,0x101,6,C8,00,93,02,00,00,CC,CC
352000,TX,0x200,4,00,00,00,04,CC,CC,CC,CC
352200,TX,0x100,8,28,01,41,00,AB,0D,DD,00
352200,TX,0x101,6,C8,00,91,02,00,00,CC,CC
352200,TX,0x200,4,00,00,00,04,CC,CC,CC,CC
352400,TX,0x100,8,28,01,41,00,AC,0D,CF,00
352400,TX,0x101,6,C8,00,94,02,00,00,CC,CC
352400,TX,0x200,4,00,00,00,04,CC,CC,CC,CC
352600,TX,0x100,8,27,01,41,00,A4,0D,C1,00
352600,TX,0x101,6,C6,00,8F,02,00,00,CC,CC
352600,TX,0x200,4,00,00,00,04,CC,CC,CC,CC
352800,TX,0x100,8,28,01,41,00,A3,0D,AE,00
352800,TX,0x101,6,C7,00,95,02,00,00,CC,CC
352800,TX,0x200,4,00,00,00,04,CC,CC,CC,CC
353000,TX,0x100,8,27,01,41,00,A2,0D,CC,00
353000,TX,0x101,6,C6,00,8D,02,00,00,CC,CC
353000,TX,0x200,4,00,00,00,04,CC,CC,CC,CC
353200,TX,0x100,8,27,01,40,00,AA,0D,C3,00
353200,TX,0x101,6,C7,00,8F,02,00,00,CC,CC
353200,TX,0x200,4,00,00,00,04,CC,CC,CC,CC
353400,TX,0x100,8,26,01,40,00,B3,0D,CB,00
353400,TX,0x101,6,C7,00,8C,02,00,00,CC,CC
353400,TX,0x200,4,00,00,00,04,CC,CC,CC,CC
353600,TX,0x100,8,27,01,40,00,AF,0D,D6,00
353600,TX,0x101,6,C1,00,85,02,00,00,CC,CC
353600,TX,0x200,4,00,00,00,04,CC,CC,CC,CC
353800,TX,0x100,8,26,01,40,00,A9,0D,C5,00
353800,TX,0x101,6,C9,00,87,02,00,00,CC,CC
353800,TX,0x200,4,00,00,00,04,CC,CC,CC,CC
354000,TX,0x100,8,26,01,40,00,AD,0D,C0,00
354000,TX,0x101,6,C7,00,88,02,00,00,CC,CC
354000,TX,0x200,4,00,00,00,04,CC,CC,CC,CC
354200,TX,0x100,8,27,01,40,00,AA,0D,BE,00
354200,TX,0x101,6,C7,00,82,02,00,00,CC,CC
354200,TX,0x200,4,00,00,00,04,CC,CC,CC,CC
354400,TX,0x100,8,27,01,40,00,B2,0D,CE,00
354400,TX,0x101,6,C4,00,83,02,00,00,CC,CC
354400,TX,0x200,4,00,00,00,04,CC,CC,CC,CC
354600,TX,0x100,8,26,01,40,00,A8,0D,D2,00
354600,TX,0x101,6,C8,00,80,02,00,00,CC,CC
354600,TX,0x200,4,00,00,00,04,CC,CC,CC,CC
354800,TX,0x100,8,26,01,40,00,AF,0D,D5,00
354800,TX,0x101,6,CB,00,82,02,00,00,CC,CC
354800,TX,0x200,4,00,00,00,04,CC,CC,CC,CC
355000,TX,0x100,8,26,01,40,00,B4,0D,BF,00
355000,TX,0x101,6,C8,00,77,02,00,00,CC,CC
355000,TX,0x200,4,00,00,00,04,CC,CC,CC,CC
355200,TX,0x100,8,26,01,40,00,AD,0D,C4,00
355200,TX,0x101,6,C7,00,86,02,00,00,CC,CC
355200,TX,0x200,4,00,00,00,04,CC,CC,CC,CC
355400,TX,0x100,8,26,01,3F,00,AD,0D,C5,00
355400,TX,0x101,6,C7,00,7F,02,00,00,CC,CC
355400,TX,0x200,4,00,00,00,04,CC,CC,CC,CC
355600,TX,0x100,8,26,01,3F,00,AD,0D,BF,00
355600,TX,0x101,6,C6,00,78,02,00,00,CC,CC
355600,TX,0x200,4,00,00,00,04,CC,CC,CC,CC
355800,TX,0x100,8,26,01,3F,00,A6,0D,D4,00
355800,TX,0x101,6,C4,00,71,02,00,00,CC,CC
355800,TX,0x200,4,00,00,00,04,CC,CC,CC,CC
356000,TX,0x100,8,26,01,3F,00,A7,0D,DA,00
356000,TX,0x101,6,C9,00,77,02,00,00,CC,CC
356000,TX,0x200,4,00,00,00,04,CC,CC,CC,CC
356200,TX,0x100,8,25,01,3F,00,AD,0D,D3,00
356200,TX,0x101,6,C5,00,76,02,00,00,CC,CC
356200,TX,0x200,4,00,00,00,04,CC,CC,CC,CC
356400,TX,0x100,8,26,01,3F,00,AA,0D,CF,00
356400,TX,0x101,6,C8,00,70,02,00,00,CC,CC
356400,TX,0x200,4,00,00,00,04,CC,CC,CC,CC
356600,TX,0x100,8,26,01,3F,00,A5,0D,CC,00
356600,TX,0x101,6,CB,00,6D,02,00,00,CC,CC
356600,TX,0x200,4,00,00,00,04,CC,CC,CC,CC
356800,TX,0x100,8,26,01,3F,00,B0,0D,C9,00
356800,TX,0x101,6,C9,00,73,02,00,00,CC,CC
356800,TX,0x200,4,00,00,00,04,CC,CC,CC,CC
357000,TX,0x100,8,25,01,3F,00,AB,0D,CE,00
357000,TX,0x101,6,C8,00,70,02,00,00,CC,CC
357000,TX,0x200,4,00,00,00,04,CC,CC,CC,CC
357200,TX,0x100,8,26,01,3F,00,AF,0D,CA,00
357200,TX,0x101,6,C7,00,6F,02,00,00,CC,CC
357200,TX,0x200,4,00,00,00,04,CC,CC,CC,CC
357400,TX,0x100,8,25,01,3E,00,AF,0D,C2,00
357400,TX,0x101,6,CA,00,76,02,00,00,CC,CC
357400,TX,0x200,4,00,00,00,04,CC,CC,CC,CC
357600,TX,0x100,8,26,01,3E,00,A9,0D,C7,00
357600,TX,0x101,6,C8,00,6D,02,00,00,CC,CC
357600,TX,0x200,4,00,00,00,04,CC,CC,CC,CC
357800,TX,0x100,8,25,01,3E,00,AD,0D,C8,00
357800,TX,0x101,6,C9,00,6B,02,00,00,CC,CC
357800,TX,0x200,4,00,00,00,04,CC,CC,CC,CC
358000,TX,0x100,8,26,01,3E,00,A7,0D,CE,00
358000,TX,0x101,6,CC,00,68,02,00,00,CC,CC
358000,TX,0x200,4,00,00,00,04,CC,CC,CC,CC
358200,TX,0x100,8,25,01,3E,00,AB,0D,CE,00
358200,TX,0x101,6,C5,00,65,02,00,00,CC,CC
358200,TX,0x200,4,00,00,00,04,CC,CC,CC,CC
358400,TX,0x100,8,25,01,3E,00,AE,0D,C0,00
358400,TX,0x101,6,C6,00,68,02,00,00,CC,CC
358400,TX,0x200,4,00,00,00,04,CC,CC,CC,CC
358600,TX,0x100,8,25,01,3E,00,AF,0D,BA,00
358600,TX,0x101,6,C9,00,68,02,00,00,CC,CC
358600,TX,0x200,4,00,00,00,04,CC,CC,CC,CC
358800,TX,0x100,8,25,01,3E,00,B0,0D,C2,00
358800,TX,0x101,6,C7,00,66,02,00,00,CC,CC
358800,TX,0x200,4,00,00,00,04,CC,CC,CC,CC
359000,TX,0x100,8,25,01,3E,00,AA,0D,C8,00
359000,TX,0x101,6,C7,00,64,02,00,00,CC,CC
359000,TX,0x200,4,00,00,00,04,CC,CC,CC,CC
359200,TX,0x100,8,25,01,3E,00,AF,0D,D0,00
359200,TX,0x101,6,CA,00,5E,02,00,00,CC,CC
359200,TX,0x200,4,00,00,00,04,CC,CC,CC,CC
359400,TX,0x100,8,25,01,3E,00,AA,0D,BE,00
359400,TX,0x101,6,C4,00,5B,02,00,00,CC,CC
359400,TX,0x200,4,00,00,00,04,CC,CC,CC,CC
359600,TX,0x100,8,24,01,3D,00,A8,0D,CE,00
359600,TX,0x101,6,C7,00,63,02,00,00,CC,CC
359600,TX,0x200,4,00,00,00,04,CC,CC,CC,CC
359800,TX,0x100,8,25,01,3D,00,AC,0D,CF,00
359800,TX,0x101,6,CA,00,5E,02,00,00,CC,CC
359800,TX,0x200,4,00,00,00,04,CC,CC,CC,CC
360000,TX,0x100,8,25,01,3D,00,A1,0D,B1,00
360000,TX,0x101,6,C9,00,58,02,00,00,CC,CC
360000,TX,0x200,4,00,00,00,04,CC,CC,CC,CC
360200,TX,0x100,8,24,01,3D,00,A8,0D,BA,00
360200,TX,0x101,6,C8,00,5C,02,00,00,CC,CC
360200,TX,0x200,4,00,00,00,04,CC,CC,CC,CC
360400,TX,0x100,8,24,01,3D,00,AE,0D,C1,00
360400,TX,0x101,6,C8,00,57,02,00,00,CC,CC
360400,TX,0x200,4,00,00,00,04,CC,CC,CC,CC
360600,TX,0x100,8,24,01,3D,00,B1,0D,CD,00
360600,TX,0x101,6,CA,00,55,02,00,00,CC,CC
360600,TX,0x200,4,00,00,00,04,CC,CC,CC,CC
360800,TX,0x100,8,25,01,3D,00,A6,0D,C5,00
360800,TX,0x101,6,C8,00,57,02,00,00,CC,CC
360800,TX,0x200,4,00,00,00,04,CC,CC,CC,CC
361000,TX,0x100,8,24,01,3D,00,AB,0D,C0,00
361000,TX,0x101,6,C6,00,58,02,00,00,CC,CC
361000,TX,0x200,4,00,00,00,04,CC,CC,CC,CC
361200,TX,0x100,8,24,01,3D,00,AE,0D,D5,00
361200,TX,0x101,6,C6,00,4F,02,00,00,CC,CC
361200,TX,0x200,4,00,00,00,04,CC,CC,CC,CC
361400,TX,0x100,8,24,01,3D,00,B2,0D,B7,00
361400,TX,0x101,6,CA,00,53,02,00,00,CC,CC
361400,TX,0x200,4,00,00,00,04,CC,CC,CC,CC
361600,TX,0x100,8,24,01,3C,00,AE,0D,C8,00
361600,TX,0x101,6,C7,00,4F,02,00,00,CC,CC
361600,TX,0x200,4,00,00,00,04,CC,CC,CC,CC
361800,TX,0x100,8,24,01,3C,00,AD,0D,C7,00
361800,TX,0x101,6,C6,00,53,02,00,00,CC,CC
361800,TX,0x200,4,00,00,00,04,CC,CC,CC,CC
362000,TX,0x100,8,24,01,3C,00,A9,0D,CC,00
362000,TX,0x101,6,C8,00,51,02,00,00,CC,CC
362000,TX,0x200,4,00,00,00,04,CC,CC,CC,CC
362200,TX,0x100,8,24,01,3C,00,B5,0D,D1,00
362200,TX,0x101,6,C9,00,54,02,00,00,CC,CC
362200,TX,0x200,4,00,00,00,04,CC,CC,CC,CC
362400,TX,0x100,8,24,01,3C,00,AA,0D,C6,00
362400,TX,0x101,6,C7,00,50,02,00,00,CC,CC
362400,TX,0x200,4,00,00,00,04,CC,CC,CC,CC
362600,TX,0x100,8,24,01,3C,00,B5,0D,D6,00
362600,TX,0x101,6,C4,00,4F,02,00,00,CC,CC
362600,TX,0x200,4,00,00,00,04,CC,CC,CC,CC
362800,TX,0x100,8,24,01,3C,00,AD,0D,BB,00
362800,TX,0x101,6,C7,00,4C,02,00,00,CC,CC
362800,TX,0x200,4,00,00,00,04,CC,CC,CC,CC
363000,TX,0x100,8,24,01,3C,00,B5,0D,BA,00
363000,TX,0x101,6,C5,00,4A,02,00,00,CC,CC
363000,TX,0x200,4,00,00,00,04,CC,CC,CC,CC
363200,TX,0x100,8,24,01,3C,00,A8,0D,BD,00
363200,TX,0x101,6,C7,00,46,02,00,00,CC,CC
363200,TX,0x200,4,00,00,00,04,CC,CC,CC,CC
363400,TX,0x100,8,24,01,3C,00,AD,0D,C5,00
363400,TX,0x101,6,CB,00,46,02,00,00,CC,CC
363400,TX,0x200,4,00,00,00,04,CC,CC,CC,CC
363600,TX,0x100,8,24,01,3B,00,A9,0D,C2,00
363600,TX,0x101,6,C7,00,46,02,00,00,CC,CC
363600,TX,0x200,4,00,00,00,04,CC,CC,CC,CC
363800,TX,0x100,8,24,01,3B,00,AF,0D,D0,00
363800,TX,0x101,6,C9,00,46,02,00,00,CC,CC
363800,TX,0x200,4,00,00,00,04,CC,CC,CC,CC
364000,TX,0x100,8,24,01,3B,00,B3,0D,C8,00
364000,TX,0x101,6,C8,00,40,02,00,00,CC,CC
364000,TX,0x200,4,00,00,00,04,CC,CC,CC,CC
364200,TX,0x100,8,24,01,3B,00,AA,0D,DC,00
364200,TX,0x101,6,CB,00,42,02,00,00,CC,CC
364200,TX,0x200,4,00,00,00,04,CC,CC,CC,CC
364400,TX,0x100,8,24,01,3B,00,A9,0D,BD,00
364400,TX,0x101,6,C6,00,46,02,00,00,CC,CC
364400,TX,0x200,4,00,00,00,04,CC,CC,CC,CC
364600,TX,0x100,8,24,01,3B,00,AE,0D,BB,00
364600,TX,0x101,6,C5,00,3F,02,00,00,CC,CC
364600,TX,0x200,4,00,00,00,04,CC,CC,CC,CC
364800,TX,0x100,8,24,01,3B,00,AB,0D,D7,00
364800,TX,0x101,6,C9,00,48,02,00,00,CC,CC
364800,TX,0x200,4,00,00,00,04,CC,CC,CC,CC
365000,TX,0x100,8,24,01,3B,00,AD,0D,CE,00
365000,TX,0x101,6,C7,00,3D,02,00,00,CC,CC
365000,TX,0x200,4,00,00,00,04,CC,CC,CC,CC
365200,TX,0x100,8,24,01,3B,00,AF,0D,CC,00
365200,TX,0x101,6,C9,00,3A,02,00,00,CC,CC
365200,TX,0x200,4,00,00,00,04,CC,CC,CC,CC
365400,TX,0x100,8,23,01,3B,00,A6,0D,CC,00
365400,TX,0x101,6,C7,00,3E,02,00,00,CC,CC
365400,TX,0x200,4,00,00,00,04,CC,CC,CC,CC
365600,TX,0x100,8,24,01,3B,00,A7,0D,DD,00
365600,TX,0x101,6,C5,00,38,02,00,00,CC,CC
365600,TX,0x200,4,00,00,00,04,CC,CC,CC,CC
365800,TX,0x100,8,24,01,3A,00,AF,0D,C8,00
365800,TX,0x101,6,C9,00,3A,02,00,00,CC,CC
365800,TX,0x200,4,00,00,00,04,CC,CC,CC,CC
366000,TX,0x100,8,24,01,3A,00,A3,0D,D4,00
366000,TX,0x101,6,C7,00,3C,02,00,00,CC,CC
366000,TX,0x200,4,00,00,00,04,CC,CC,CC,CC
366200,TX,0x100,8,23,01,3A,00,A8,0D,BE,00
366200,TX,0x101,6,C5,00,35,02,00,00,CC,CC
366200,TX,0x200,4,00,00,00,04,CC,CC,CC,CC
366400,TX,0x100,8,23,01,3A,00,A9,0D,D0,00
366400,TX,0x101,6,C3,00,38,02,00,00,CC,CC
366400,TX,0x200,4,00,00,00,04,CC,CC,CC,CC
366600,TX,0x100,8,23,01,3A,00,AC,0D,CB,00
366600,TX,0x101,6,C6,00,3A,02,00,00,CC,CC
366600,TX,0x200,4,00,00,00,04,CC,CC,CC,CC
366800,TX,0x100,8,23,01,3A,00,A6,0D,D4,00
366800,TX,0x101,6,CB,00,3A,02,00,00,CC,CC
366800,TX,0x200,4,00,00,00,04,CC,CC,CC,CC
367000,TX,0x100,8,23,01,3A,00,AC,0D,C4,00
367000,TX,0x101,6,CA,00,34,02,00,00,CC,CC
367000,TX,0x200,4,00,00,00,04,CC,CC,CC,CC
367200,TX,0x100,8,23,01,3A,00,AB,0D,C8,00
367200,TX,0x101,6,C8,00,35,02,00,00,CC,CC
367200,TX,0x200,4,00,00,00,04,CC,CC,CC,CC
367400,TX,0x100,8,23,01,3A,00,A9,0D,CE,00
367400,TX,0x101,6,C8,00,38,02,00,00,CC,CC
367400,TX,0x200,4,00,00,00,04,CC,CC,CC,CC
367600,TX,0x100,8,23,01,3A,00,AA,0D,CE,00
367600,TX,0x101,6,C6,00,34,02,00,00,CC,CC
367600,TX,0x200,4,00,00,00,04,CC,CC,CC,CC
367800,TX,0x100,8,23,01,39,00,AC,0D,C6,00
367800,TX,0x101,6,C5,00,33,02,00,00,CC,CC
367800,TX,0x200,4,00,00,00,04,CC,CC,CC,CC
368000,TX,0x100,8,23,01,39,00,B2,0D,BE,00
368000,TX,0x101,6,C7,00,36,02,00,00,CC,CC
368000,TX,0x200,4,00,00,00,04,CC,CC,CC,CC
368200,TX,0x100,8,23,01,39,00,AE,0D,B9,00
368200,TX,0x101,6,CA,00,2D,02,00,00,CC,CC
368200,TX,0x200,4,00,00,00,04,CC,CC,CC,CC
368400,TX,0x100,8,23,01,39,00,B2,0D,C1,00
368400,TX,0x101,6,C7,00,2D,02,00,00,CC,CC
368400,TX,0x200,4,00,00,00,04,CC,CC,CC,CC
368600,TX,0x100,8,23,01,39,00,B3,0D,CB,00
368600,TX,0x101,6,C6,00,2B,02,00,00,CC,CC
368600,TX,0x200,4,00,00,00,04,CC,CC,CC,CC
368800,TX,0x100,8,23,01,39,00,B0,0D,D4,00
368800,TX,0x101,6,C9,00,30,02,00,00,CC,CC
368800,TX,0x200,4,00,00,00,04,CC,CC,CC,CC
369000,TX,0x100,8,23,01,39,00,AE,0D,BE,00
369000,TX,0x101,6,C7,00,2D,02,00,00,CC,CC
369000,TX,0x200,4,00,00,00,04,CC,CC,CC,CC
369200,TX,0x100,8,23,01,39,00,A7,0D,C6,00
369200,TX,0x101,6,CB,00,2C,02,00,00,CC,CC
369200,TX,0x200,4,00,00,00,04,CC,CC,CC,CC
369400,TX,0x100,8,23,01,39,00,B1,0D,C9,00
369400,TX,0x101,6,CB,00,31,02,00,00,CC,CC
369400,TX,0x200,4,00,00,00,04,CC,CC,CC,CC
369600,TX,0x100,8,23,01,39,00,AC,0D,CE,00
369600,TX,0x101,6,C7,00,2D,02,00,00,CC,CC
369600,TX,0x200,4,00,00,00,04,CC,CC,CC,CC
369800,TX,0x100,8,23,01,39,00,AE,0D,B9,00
369800,TX,0x101,6,C3,00,27,02,00,00,CC,CC
369800,TX,0x200,4,00,00,00,04,CC,CC,CC,CC
370000,TX,0x100,8,23,01,38,00,AE,0D,B8,00
370000,TX,0x101,6,C6,00,26,02,00,00,CC,CC
370000,TX,0x200,4,00,00,00,04,CC,CC,CC,CC
370200,TX,0x100,8,23,01,38,00,AE,0D,D0,00
370200,TX,0x101,6,C8,00,22,02,00,00,CC,CC
370200,TX,0x200,4,00,00,00,04,CC,CC,CC,CC
